자치구,행정동,힐링,액티비티,문화,음식,쇼핑,체험다양성_엔트로피,체험다양성_표준편차
강남구,개포2동,1.1593389465503405,0.3423780155130988,1.9644599086108734,4.01372923359922,0.0,1.1153060098329195,1.600048087240964
강남구,개포3동,1.1578244527505988,0.4588129072865378,1.7791393510587348,4.556905527805477,0.10216180606308926,1.1532487521989325,1.7689068717705307
강남구,개포4동,0.2598096603270829,0.3947050958785081,0.8256220688164915,5.018211893045774,0.0,0.760582179225298,2.10010049545324
강남구,논현1동,0.6853468261182637,1.4725193103218135,4.015995909782553,20.071826352290763,0.062350537566027056,0.7640619782198197,8.41465618299889
강남구,논현2동,0.9596108900251737,1.5090230950831833,5.349994226137639,23.895647391601862,0.14053310525256646,0.7892038932856158,9.998704769030862
강남구,대치1동,0.8356097206876025,0.7630503147243384,2.567063328295378,8.826692914611895,0.0873426411733604,0.9599220554040586,3.5906970558307103
강남구,대치2동,1.0530405185131773,0.5440119936131856,2.1746025396599475,6.695745600624955,0.12327349660259795,1.0487930047490532,2.6715851710855087
강남구,대치4동,0.9367148672201223,0.8719686735732592,3.2111980204794714,10.849935148654984,0.12153097236900047,0.9474699062547439,4.431161789106197
강남구,도곡1동,0.17713501983579405,1.0446668192035093,2.5611734193881053,9.871678980738047,0.12712477387854212,0.8464771075167937,4.097591820709458
강남구,도곡2동,0.3690374941355608,0.892122681713719,2.2556294731442,7.98317162147006,0.11177881398833212,0.9273636654421117,3.270969197147498
강남구,삼성1동,1.4748823802127942,1.1681581364022948,3.8900469409201306,15.652117404121606,0.28339005088790237,0.9431146402583593,6.379143248787599
강남구,삼성2동,1.2705777094780475,1.0959844445713207,5.483432121434403,22.38425114661152,0.17476117194541074,0.8165131754224579,9.3411359307027
강남구,세곡동,2.3254519939263023,0.3897726573852369,1.6843910904572972,3.0625516356253013,0.0,1.2190238498421242,1.2883378024934915
강남구,수서동,0.9760618796258558,0.2857318098121189,1.0482028418684417,3.701274902804703,0.23281006904132404,1.1634482341573689,1.4220578687658283
강남구,신사동,0.7524477637874564,2.0288852484133137,4.319754322915081,19.76111437868995,0.0,0.8149883209516102,8.208667609664644
강남구,압구정동,0.9804335046224497,1.7830526545624896,5.112268530046266,29.364245620480638,0.15314981989061904,0.7249549894062466,12.378496037013958
강남구,역삼1동,0.26335600076540017,0.9485169012358239,3.106436754124477,12.536325017773999,0.13117838123517506,0.7981608937157968,5.246238502313258
강남구,역삼2동,0.6212537373520673,1.129505215245623,3.4167534848718106,13.496865055308263,0.12725518641238223,0.8632014556597082,5.58776366419459
강남구,일원1동,1.0336085943458042,0.4539871376708136,1.6707557699479962,4.772234538380932,0.22439606324888237,1.1598149529144046,1.8432108771664564
강남구,일원본동,1.5505614236954954,0.38591101528150495,1.808914126212799,1.5349363510326042,0.0,1.2771637319422182,0.8070015393704355
강남구,청담동,1.4050754832861096,1.919556674621226,5.998287190920422,32.252248619459884,0.3628481402308729,0.7761449265428167,13.511274411822
강동구,고덕1동,0.33287565574477596,0.08665646708180542,1.329961359199505,1.5856189234606193,0.14337753210464546,1.1736968352804182,0.7074388313491112
강동구,고덕2동,0.2235020360348307,0.15301454746127963,1.2394537635128386,1.279205076628537,0.0,1.0772274721323971,0.6264123492313104
강동구,길동,0.4608434977974333,0.3658240042561558,0.765899054633666,3.0855852820515617,0.32087037359714965,1.1726048058519178,1.1788293989187788
강동구,둔촌2동,0.7374825941542527,0.6435099117147354,0.941711168896488,3.541955569755576,0.38378732399373955,1.264656285901585,1.2970091145635745
강동구,명일1동,0.45079307523710516,0.25174425712688764,1.0492619565772623,2.230765741324461,0.2504736343338339,1.256969980559051,0.8400699060439498
강동구,명일2동,0.3138410512344033,0.25714828434850234,0.8631991082337356,1.9061439153578823,0.23573810110856888,1.2605481619291767,0.7143240225953302
강동구,상일1동,0.20318064132829833,0.1147023409426829,0.7453368577809432,1.482030280116328,0.09290968298942248,1.132680943796962,0.5964550617126508
강동구,상일2동,0.0,0.389823991651302,0.8373538982014912,0.8078949880199693,0.0,1.04871004814854,0.41155627905467207
강동구,성내1동,0.6487702756097852,0.6109213952310912,1.2673534837324203,3.4879552378155676,0.3800583003402057,1.275641891378516,1.2778139135225455
강동구,성내2동,0.6104119308998383,0.5254795891023527,1.1326811016526845,3.196923937104501,0.42752506991525585,1.2894956062360938,1.1607387263959932
강동구,성내3동,0.7123268712689796,0.6784301070323103,1.1930148873915913,4.047788771426424,0.3266333779743584,1.2213823133389974,1.5164887087078343
강동구,암사1동,0.5437820159505954,0.1665704602019805,1.2368465665488966,2.004558678177946,0.26522630896463784,1.2790291276950794,0.7722117028219243
강동구,암사2동,0.7783783294607209,0.40173085463731784,1.7193729318552091,2.187611117420024,0.29159186434248907,1.3619989931464007,0.8378725026026579
강동구,암사3동,0.5101658791047923,0.12144834393699622,1.396866046422651,2.0074189697049922,0.24328323897514215,1.2381925670202785,0.8143848589797752
강동구,천호1동,0.48285936826430387,0.25122150253895376,0.8814639203982422,2.6855464263692834,0.393725581361671,1.2320223237307708,1.0040122686399444
강동구,천호2동,0.7266916006227657,0.41163725679013174,1.42414896901808,2.5039107144211576,0.35854895179839186,1.3524525286079763,0.8997031533156316
강동구,천호3동,0.5025732199290622,0.2775835992609318,0.8648427618349674,2.959133695629646,0.3516498883073532,1.193814562092931,1.1231382389982227
강북구,미아동,0.4488082506055915,0.12519412718648565,0.36328445370292783,0.8529770872152888,0.4899558801025681,1.4701542893664645,0.26307043694493637
강북구,번2동,0.3986566484992308,0.05996832354389208,0.2816455960206466,0.8981117865781588,0.3542874445946304,1.370162826987398,0.3081498636253315
강북구,번3동,0.4995140449456263,0.10807271265040815,0.4099108664180463,0.7092580896699548,0.23173958806828654,1.456061604212203,0.23389656675991485
강북구,삼양동,0.29529857297375994,0.3363076336630384,0.7808983425505116,0.8947573914108068,0.5900650543226916,1.5230312652740905,0.2645624254199054
강북구,송천동,0.27790768289652285,0.1834638207713592,0.5029801518235368,0.8891915573852301,0.4635870029028364,1.4762129465993445,0.27186243510428043
강북구,수유1동,0.229545958341484,0.29198767016391114,0.6742935684747726,0.887138162248042,0.5966614564456837,1.4996862503367934,0.2736599172668962
강북구,수유2동,0.3910216173571864,0.29242847519433685,1.2929827900174118,2.064648346675547,0.3626443939539579,1.3156689323747868,0.7787715795789756
강북구,수유3동,0.25522905020339925,0.0,0.5885372213222813,1.2250633974698388,0.42543614767533444,1.2248866409409336,0.46071188927466106
강북구,우이동,2.448094068377036,3.170278777810117,5.621869288643397,5.560452570900016,0.16065388816238588,1.3686117299253329,2.2943528300779756
강북구,인수동,0.11956143612296734,0.358684308368902,0.9953451041866347,1.2449453420147456,0.5402972501999914,1.3919404577961993,0.4613762538826729
강서구,가양1동,1.2736825257364681,1.5221518181172653,2.4334073797685734,7.185377557264429,0.3300986768621066,1.2178482268161808,2.697857178487612
강서구,가양2동,1.0436527775306697,1.3717600297836599,1.6379620108922137,4.120591352165413,0.0,1.229749446160567,1.5223653264861365
강서구,가양3동,0.7971007275335071,0.8183929149071263,0.8875955831268134,2.3961759284625903,0.11984364412646464,1.3364930133258932,0.8382561371420915
강서구,공항동,0.28790205442344957,1.7120979455765504,1.424195891153101,5.424195891153102,0.28790205442344957,1.1309751143067441,2.1126355902578564
강서구,등촌1동,0.7906328978308712,0.8312570903578254,0.690869281417299,1.8026137189327893,0.1845346690625885,1.422437797812508,0.5871578119210388
강서구,등촌3동,0.5692325385772868,0.8136402236361207,0.9231192883189374,3.3305781830813226,0.23333281651035914,1.2408324267542281,1.2343245308940343
강서구,발산1동,0.4131915280931787,0.7643821834125948,0.6974795412477437,3.4098789276370085,0.472917062442116,1.2283523081600902,1.2710079012460795
강서구,방화1동,1.435735693141312,1.3168846395511924,2.3479478622905425,6.5109328675763205,0.5255930763565326,1.2813226966649527,2.372502126400457
강서구,방화2동,2.1401038180378524,0.21650730960299844,2.0641373786654524,3.2165073096029984,0.21650730960299844,1.2690823499354125,1.3175790798473264
강서구,방화3동,2.110458607810066,0.9140626623217669,2.8227950121826257,5.475734076283852,0.21998647833861823,1.2851310188981473,2.039695786617755
강서구,염창동,0.9362606546196287,0.8086804766439067,0.9936477028362026,2.2517592248388962,0.25088061796519323,1.4197512912865524,0.7343617920417886
강서구,우장산동,0.36575618273631033,0.5581215064474078,0.6084104027393663,2.5778559310026483,0.3028666593592868,1.2389928066363403,0.9562396636428399
강서구,화곡1동,0.4915727647046424,0.3341116102947732,0.2575177028094791,0.9493266550261243,0.4006907492299303,1.497692569888232,0.2726043301540037
강서구,화곡2동,0.5090530739836334,0.5764040832534433,0.5594448998427706,0.9962974730634113,0.29095621278891076,1.53584931048516,0.25598437829020976
강서구,화곡3동,0.26965414784169806,0.45275480809047985,0.4236067320585065,1.7684372687653378,0.3542524449125174,1.3176207815597205,0.6271206237335551
강서구,화곡4동,0.5273779798308933,0.5607882544306121,0.6648654233240963,1.0629757297711675,0.29995953910748585,1.531102984062718,0.27959800646199134
강서구,화곡6동,0.3814631138893494,0.414031747701211,0.2838024989455163,1.9136730709197152,0.2620676242373403,1.2413708910142232,0.7087400382024762
강서구,화곡본동,0.31419225781515286,0.39203614477488785,0.31269625116475597,1.5376441028172962,0.30397968292775457,1.3288550468559794,0.5409236588443178
관악구,낙성대동,0.6125853723731128,0.595193396176309,1.2449625009225067,2.0910629740663245,0.35645858666730024,1.4181628662928656,0.7029472900761727
관악구,난곡동,0.37663622597688395,0.11449581284070481,0.5679775818069478,1.341070404000876,0.32771257715516755,1.3368430263864313,0.4730614187540404
관악구,난향동,0.6296971757951375,0.043567938540902525,0.7766580523164133,0.8201621065438134,0.41963353840881684,1.4173866588301463,0.31759060091902813
관악구,남현동,0.28164740299977936,0.4255612655436359,1.1162794990345257,2.6473168176050077,0.2738185443023355,1.2145292365229738,1.0108758592158422
관악구,대학동,3.318133322948505,0.8313370586367588,3.2068444084115852,1.9573741674153189,0.20051477265479667,1.3535526774629358,1.3921643577141265
관악구,미성동,0.444074601509671,0.2816843455042909,0.40157695839615976,1.957455962613038,0.4295892924542992,1.2944244659666255,0.704240405199071
관악구,보라매동,0.24977120165104424,0.5469253018710265,0.3522533228194983,1.8753500750927805,0.4450475542694981,1.30886452827644,0.6695756526469403
관악구,삼성동,0.8880728216221514,0.13054972413403484,1.078326728675725,0.9322288046685756,0.26632155341611863,1.4072978500407913,0.4290743668748613
관악구,서림동,0.47894541502552695,0.462841834181557,0.8603582731940536,2.052587128693956,0.41925842123346063,1.388668137362529,0.6926974880282177
관악구,서원동,0.2254161585859667,0.3684251791990423,0.29205918614393195,1.5682825465027803,0.4853272934481404,1.3192126535301778,0.5564972185442788
관악구,신림동,0.2395900837532189,0.5007215581125901,0.2173056133225361,1.9748484609729526,0.34329698597347613,1.1998489106513666,0.7461739450053365
관악구,신원동,0.32032608225021053,0.37049041149672446,0.3815620704188473,1.9965525339535368,0.3944019182053856,1.2672500519526546,0.729434941425642
관악구,은천동,0.12081606380351109,0.6383390608447344,0.37034872145350634,1.8296716706859528,0.4118845693053641,1.2655765901158742,0.6715224407061888
관악구,인헌동,0.12539162229155096,0.6975291675268123,1.1401502782793398,2.7683022954431933,0.22835032888619763,1.1740141899415222,1.0721569738342853
관악구,조원동,0.3562462164893878,0.2809170772184322,0.37421650132577283,2.4949592275587293,0.43971738706387153,1.1629902389164792,0.9552178352252219
관악구,중앙동,0.04161526654946754,0.5440150863862121,0.45544786973140905,1.8622826848649534,0.397833230012276,1.2034955598324255,0.6985536015881467
관악구,청룡동,0.11751257602278048,0.5532782962730263,0.46113958185073367,1.970361772585046,0.511586917820749,1.268898583760378,0.7184354507649794
관악구,행운동,0.0458701814079209,0.681668981110858,0.7460758906158569,1.943497556224898,0.43265082611093547,1.2680563879543265,0.7112734520701061
광진구,광장동,1.317245057898131,0.8861914059866307,2.3097878059322587,2.323728037109997,0.17348471752264222,1.3989386198714708,0.9295365702791151
광진구,구의1동,0.7571507417829646,1.124372552675712,1.9005481965770548,5.381213970124149,0.08499929268540732,1.1444345077495985,2.08015076526199
광진구,구의2동,1.004298450237945,0.8705334104750788,2.033917881732432,2.6418980839868977,0.2277721682267937,1.3889540804624858,0.9676486794710215
광진구,구의3동,0.9603823619603418,0.7421028735157815,1.9849727285082734,2.9392011068368786,0.06530039758672103,1.2895140338931668,1.1291446621181356
광진구,군자동,0.5046524668060227,1.2753511415663823,1.7687887560805202,6.819925404692176,0.2776777448085449,1.0773454282199928,2.6892911834629487
광진구,능동,0.7140956275206503,1.0673514592480207,1.8017401095407157,4.835899625340973,0.1775243476696614,1.1969556762834437,1.8393296663610723
광진구,자양1동,0.931501123927846,1.2773758153577983,1.7206502171736149,7.226180966485206,0.10948753509198178,1.0698080110253878,2.8420403201469706
광진구,자양2동,1.1758846373774114,1.1615598724352112,2.2568805065404973,4.282883867501414,0.06639661490597333,1.2683284774570611,1.594939066857838
광진구,자양3동,0.9046976169925589,1.5164751196389021,2.2747036868991573,11.975509894253118,0.24903843280360877,0.9492744836002294,4.860739502642018
광진구,자양4동,0.9546280174585412,1.7415824863500728,2.7156011327129037,19.225551896168227,0.2738978252501494,0.8021355795740441,8.014074977230472
광진구,중곡1동,0.6689262321988164,0.5308935471648791,1.0415056781469896,1.9205817947521766,0.4227522864344948,1.4514601258206405,0.6077782591173336
광진구,중곡2동,0.8031260435058493,0.8003073415307622,1.5195878218543855,2.0556839639849316,0.4337413048125778,1.4754457763097015,0.6535876799988665
광진구,중곡3동,0.8182884353306308,0.4905438671812089,0.9486397351995413,1.303209682466106,0.4333825045257923,1.5302101004021882,0.3556025385581278
광진구,중곡4동,0.9899633951430837,0.570189865854049,1.279140870028387,1.536875822450832,0.45391534039855097,1.5155377058097863,0.45919141239917355
광진구,화양동,0.5972033652536787,1.3016164711239138,1.6906163977868602,8.363066631279475,0.1619913939396773,0.976400963018995,3.373572718967248
구로구,가리봉동,0.5603267570179937,0.31904342785172174,0.8132033943424161,2.691855246673774,0.42209205627739194,1.269486888286651,0.9849837966863896
구로구,개봉1동,1.1146024368180534,0.6677240536874798,0.9484265010516948,0.6168404363820803,0.49272925070360407,1.5657836256342317,0.255619548922759
구로구,개봉2동,0.8680096202518035,0.6714896102694742,0.7924178706074981,0.7563927182108792,0.3331713203392279,1.5667791851751292,0.20862137608057899
구로구,고척1동,1.3418182288668186,0.8761554661165266,1.1760227936698182,0.9441404301768154,0.2544988292137144,1.5099028985251353,0.41498926325868973
구로구,고척2동,1.0646427523330257,0.7573972362530474,0.8339670209181491,0.7514352221915928,0.32597721816503467,1.5517794712369108,0.26732360434077485
구로구,구로1동,0.9372653077071653,0.5397639306469211,0.848718532151816,1.9011742429798222,0.38647525777333536,1.4593271765732094,0.591031779015628
구로구,구로2동,1.0184155979005638,0.7333596053311011,0.914878506906078,2.3783966258330027,0.3439809710363561,1.4239507037969519,0.7711600118985745
구로구,구로3동,0.5181248787139442,0.2709342024204963,0.49528966479453684,2.4993252092063,0.4886170562846948,1.2421910838400383,0.9249391352746289
구로구,구로4동,0.6098001205183878,0.3459251719561111,0.6179761670704804,2.742666382938756,0.2789765421494163,1.2106509719907692,1.0307792866492254
구로구,구로5동,1.0513095317189387,0.6833694188395333,0.8265220012095268,3.1179446119881775,0.24868582652147295,1.3014838087174874,1.119259840028014
구로구,수궁동,1.4121619062437196,0.493373842876075,0.44278005717733915,0.41186957948529807,0.2688271769514602,1.4187084333861884,0.45841966522153843
구로구,신도림동,1.4290684332348875,1.1872364670647864,1.1788496254068555,3.8462984108415843,0.21008733019856934,1.3268986718269171,1.3555685794531311
구로구,오류1동,1.170200301085478,0.5418947958328921,0.6292260187607677,0.48935461536298175,0.3979896165170207,1.530107679183302,0.30493925059896004
구로구,오류2동,1.1917787871713879,0.587230807313727,0.5320544413018494,0.3843760972020993,0.33327698344748385,1.495417233156303,0.3436756045444919
구로구,항동,1.1593358198881467,1.0193567202890361,0.6310187886623221,0.5283170312258247,0.15933581988814682,1.4605500459199825,0.39985244955401117
금천구,가산동,0.3986434278549207,0.24155632383439093,0.6058846217304787,2.3479124611794595,0.5869337480004835,1.2683979647439783,0.8581244457545079
금천구,독산1동,0.6974911408974824,0.1282793017630501,0.9409419183414391,1.4100629810400727,0.41807223237607505,1.40524913004329,0.4916292683280052
금천구,독산3동,0.49896211574895444,0.2259878429061768,0.5280991723498287,1.7962130501323772,0.4270211487763801,1.3413320681652414,0.6266461639018448
금천구,독산4동,0.5289425478678478,0.15094176906490792,0.6813430194922203,1.6617238770325422,0.48697115961504844,1.3667613793660354,0.5703832237193621
금천구,시흥1동,0.7791422079350798,0.0,1.0262475625586824,0.388256378827296,0.2957733917672415,1.2717639648653576,0.4059031979766588
금천구,시흥2동,0.5738601696447623,0.0,1.0153194907618868,0.23629415226318373,0.28796233401556004,1.2227350561450403,0.3891092152622056
금천구,시흥3동,0.5210443921163913,0.0,1.0712602824477477,0.20571515382937067,0.20571515382937067,1.1524175699324046,0.41854883960516065
금천구,시흥4동,0.6875229878675945,0.0,0.9758583344373954,0.5361988797721816,0.3964437726228562,1.3324133665705222,0.36117729573376817
금천구,시흥5동,0.5638614580595003,0.0,1.1108300447689285,0.26941596271328316,0.24270846871776158,1.1955102369522013,0.42630467623876245
노원구,공릉1동,0.6497761469810844,0.44992328424455613,1.1480047064395127,1.6713623871490428,0.12068958364400734,1.365922960750222,0.609640699615335
노원구,공릉2동,1.0378890831867826,1.4437900691791874,2.210727536085389,3.2931003628763,0.1186715361921709,1.3526925919845545,1.2012608552537793
노원구,상계1동,1.324229024621038,0.0,1.4472083839686856,1.243301786002743,0.0,1.0966583648611627,0.736574467931834
노원구,상계2동,0.4315609831182296,0.33714985542870535,0.6394478343807674,1.2721817638337782,0.0935472126594492,1.3557113084846635,0.44640660360410334
노원구,상계3·4동,1.411155483047947,0.0,2.0526283531362632,1.208321448046378,0.0,1.0727085143021489,0.9081533623041033
노원구,상계5동,0.7797349293641815,0.32585324603127525,0.9713303265558182,1.4073515913170331,0.16913566365178098,1.407142993229129,0.49935462115335943
노원구,상계6·7동,0.3794459538978625,0.3850385679347573,0.6622720718806436,1.0880381120076015,0.12690343791528277,1.4174452947118032,0.36573755181736467
노원구,월계1동,0.5731502401768975,0.18068415393327436,0.9062617403666939,1.1793925206086566,0.12337820805814231,1.3497336982210624,0.4563253207685856
노원구,월계2동,0.54281613444724,0.2064610733413118,0.5377620425424683,1.253126858720936,0.10365408611905412,1.328967576068333,0.44988264963185104
노원구,월계3동,0.5889578621642224,0.22662573346937992,0.8835688728443867,1.8425289890649934,0.16386915798874624,1.290382792677416,0.6808945665751743
노원구,중계1동,0.5258980286627349,0.5166612409991386,0.9677038216529448,1.4409214260481398,0.14682691033127435,1.4099713599301285,0.4971503072065354
노원구,중계2·3동,0.36855323574065035,0.4289614457549398,0.6240266571701155,1.6385635224204902,0.10756341284545183,1.2969155546691198,0.5913722441139262
노원구,중계4동,0.6756507395536708,0.3301679152073549,1.3700639336681908,1.295156264466353,0.12207529474114247,1.3651350358919814,0.560664582438192
노원구,중계본동,0.7254239161491456,0.7288431917088581,1.322135315373079,1.6309500938600097,0.08776020265007184,1.3939658514313684,0.5983281786723704
노원구,하계1동,0.597754860886257,0.6682960998290437,1.2604476960479303,1.811698976668069,0.13047766048591708,1.379444625522182,0.651560582502728
노원구,하계2동,0.39108677539581954,0.39107681798854593,0.8631689559423639,1.6298795503912598,0.11988304599336001,1.3164176895653086,0.595083118936734
도봉구,도봉1동,1.8970664464920448,0.6507166286002357,2.603149099263284,3.0065243106775235,0.0,1.2732910734502787,1.2776000582920441
도봉구,도봉2동,1.646393441715518,0.3475030794786775,0.9554854938600996,1.5011180693065698,0.0,1.2638676332124819,0.7134927368178988
도봉구,방학1동,0.26890958271578336,0.26782719375138525,0.8237824799725217,1.4811246771354405,0.05746057279504477,1.2189550035562293,0.5785179302694781
도봉구,방학2동,0.7688454100174833,0.2263060499473703,1.6235807094286288,1.8885203266916866,0.0,1.1841641476996485,0.8339358525106983
도봉구,방학3동,0.7994254812535393,0.7043855678937396,2.2822094780542743,2.6124479895460033,0.07351427390562856,1.284328564465009,1.0950681289426507
도봉구,쌍문1동,0.4726020109265092,0.5080667357837201,1.6128354305255468,2.3155378359835663,0.28717678094889565,1.3287375043234355,0.8841338440409369
도봉구,쌍문2동,0.21123287746953623,0.14592038959734138,0.7598330159271802,1.4600924093001002,0.15528181288411114,1.2081181703062298,0.5714196793456698
도봉구,쌍문3동,0.2403485343866843,0.1254733586307462,0.6629017468734416,1.3626881040903531,0.29587828995811405,1.2915376891311834,0.5032660811915818
도봉구,창1동,0.28539575435262876,0.2248920259049474,0.4490683972063236,1.2109386917521492,0.23378395235970664,1.3600707513680719,0.4179707049486576
도봉구,창2동,0.32915114762886366,0.1092475273408922,0.38348550773189366,1.3181692366413924,0.1857182984943565,1.2412244646301425,0.48927375797727257
도봉구,창3동,0.39305857610280054,0.17428893601552725,0.33280765811814694,0.9909982021885444,0.20304055664279302,1.3935289763724599,0.33234239747635164
도봉구,창4동,0.21123693651197437,0.22826117322567718,0.3663820963423503,1.2758571798457983,0.12065276448090252,1.233535149865789,0.4751905420693913
도봉구,창5동,0.1987478040008046,0.22913996218291532,0.6466542828310406,1.426652567325089,0.1657652266810536,1.2552672451131561,0.536294758212014
동대문구,답십리1동,0.46803824284169826,0.5196433927362958,1.1410767603167222,3.314256469876346,0.6617103195037312,1.2925611221723954,1.1999758125500921
동대문구,답십리2동,0.5773339858218006,0.3408958178417565,0.7388398690447082,1.9764636937336526,0.46841790158875896,1.3910589103445243,0.662576800079297
동대문구,용신동,0.3710819092777484,0.5320805884485449,1.4647133960807817,4.314118046821989,0.8560389772622627,1.2201304397862311,1.6237476764356134
동대문구,이문1동,0.2222258910189744,0.0,1.0542816639139883,3.052903803778167,0.27116614333263467,0.9230108971908683,1.2571380408944028
동대문구,장안2동,0.6040783616737522,0.19380114984951474,0.39258745646739324,1.6934844643892981,0.5262679174296737,1.3544206629223134,0.5864134234866737
동대문구,전농1동,0.5455187639943069,0.3984364485951539,1.311963824955884,3.710317482237247,0.7177308559166758,1.2585338992895034,1.3715047236593523
동대문구,전농2동,0.4381060451379093,0.2564645447559816,0.7846906286850412,3.266103979935967,0.6216857112958522,1.1829032686269303,1.2416049683708086
동대문구,제기동,0.4165890481734621,0.4519732905523439,1.5148248285168084,3.8625491709396895,0.7128622242675031,1.2382075872653437,1.4504312904861745
동대문구,청량리동,0.3316002527700851,0.32721598453979595,1.4466686638357307,3.951967434032269,0.6479242298477704,1.1643547632529607,1.5293231086510277
동대문구,회기동,0.3102574614561793,0.10347038209827936,1.2888853901203552,3.214569430616633,0.4113144350868789,1.0880109537748217,1.2837689903537584
동대문구,휘경1동,0.37133402304807805,0.10775060588220828,0.946972097479477,3.1780713499519226,0.37172334524240924,1.0725584263836652,1.2582479465464345
동대문구,휘경2동,0.5197371813778316,0.05444658892401334,0.906681790940639,3.0059527595301336,0.386801619819686,1.100928765877505,1.1758078349936194
동작구,노량진1동,0.7982784677910688,0.6891820268666206,1.3861004380466728,2.745642547396785,0.21929286871643294,1.3437223537493115,0.9750037487058915
동작구,노량진2동,0.9537988404808017,0.908742039752964,1.4456373071910558,4.505571666632154,0.24416634346273305,1.2379536904859894,1.6732604477522184
동작구,대방동,0.5600766505410669,0.5657649863022065,0.9489214764768895,4.396364611840379,0.28841803802529253,1.103982364208821,1.7180761641081261
동작구,사당1동,0.11780719090803188,0.34680263801585476,0.699547741231993,1.9425637495896364,0.40776230948706377,1.2412700032032489,0.7233641255371307
동작구,사당2동,0.4352529822018997,0.6239485847406134,0.8266134075089558,2.102069400721172,0.27025162545026715,1.3562299283986132,0.7292862927094607
동작구,사당3동,0.05608872888678904,0.29795233367114393,0.6697860657257769,1.6164495623590915,0.417951971995001,1.2418104301305517,0.603650445298883
동작구,사당4동,0.09155649235474395,0.3856320339518835,0.6650295381872945,2.261092095424003,0.27299770901550663,1.129822116895524,0.8779772558620222
동작구,상도1동,0.47305298137291835,0.67382023157846,0.8167237071244751,1.9861930714066105,0.3234859302132617,1.4026746144454187,0.6599770989985324
동작구,상도2동,0.5246315671309618,0.6958706963471087,0.847656291974432,2.205358735468143,0.4111950958807879,1.4059957335572644,0.7282475585542054
동작구,상도3동,0.25360523530412094,0.6296018620772497,0.4671971842037824,2.0754663890211793,0.3157910417256299,1.2776510162059036,0.7560201004466287
동작구,신대방1동,0.43342953553183305,0.4279065866888352,0.3327552606656496,2.380817358192597,0.3298308627930404,1.2065721382963306,0.895736106369567
동작구,신대방2동,0.22942864127328186,0.42755728656972114,0.32564682052342503,2.623919786039037,0.2939580468716665,1.0778311769208002,1.033205981933075
동작구,흑석동,0.787075153605954,0.6691836292823579,1.3194861291654805,2.44342633056302,0.17630645173639936,1.3546297832531535,0.8642218985803619
마포구,공덕동,0.4838484144303802,0.7114654881947997,3.5364460156430217,5.946304199656249,0.3191921203922446,1.1146092851310996,2.4758448629168694
마포구,대흥동,0.39160407274076287,1.530665179978121,2.4179446767875166,8.04172723547136,0.2959635199865686,1.055142132288313,3.199760303431582
마포구,도화동,0.4734974853866617,0.7753217182125208,2.0476433838559096,5.958688248485053,0.09271007647201471,1.022986942561923,2.4008450145834637
마포구,망원1동,0.6916616247945964,1.6184399930039552,2.039436297668788,10.220761771241756,0.6929044210660403,1.0560158712417387,4.049939876729844
마포구,망원2동,1.0977963552168994,2.043121747570539,2.5007236466613185,8.991762419641194,0.7445886703052758,1.2123617802553506,3.381670926310496
마포구,상암동,2.2868752064240065,2.3561981412009816,3.093382041008841,3.7163282716790387,0.21344316044526065,1.4320978749852813,1.3216433426740304
마포구,서강동,0.7335201369160609,2.8690285095007293,3.5353429695764316,13.605652685596574,0.48598710426055397,1.056869998524851,5.396280988243532
마포구,서교동,0.5632969706134966,2.884189514221259,3.3102137582410736,12.991629729956834,0.6801033155427332,1.0714286845137249,5.13239715965977
마포구,성산1동,0.6350966168882757,2.1761592699339363,2.346627672978161,10.413771214730101,0.7655259481173529,1.1039433322247718,4.071168272547214
마포구,성산2동,0.8945008124883811,1.6574436368458492,1.9417038193257292,6.213984501465353,0.5595784517966014,1.2633995182651376,2.2833192132908926
마포구,신수동,0.5673138611367945,2.104301203561861,2.7544758264627394,10.835283112813421,0.2745694091988724,1.0216406590063363,4.333829981479099
마포구,아현동,0.38674355470889643,0.7906283272554004,3.114711066214169,5.968627358981967,0.209227606965771,1.0761657729005187,2.4607142007828617
마포구,연남동,0.644089037277065,2.402629352699117,2.990739368444055,11.121369279054225,0.6381592926508857,1.1033126108164124,4.355386260175643
마포구,염리동,0.24974756531388465,1.1233861430331369,2.2978301247739825,6.136035984416489,0.278416633444479,1.0744716741273326,2.448965188653308
마포구,용강동,0.49848344703287184,1.187550851449532,2.3159194514040755,7.141013782179348,0.20828778999874717,1.062655989217559,2.841192876264041
마포구,합정동,0.6891938620946242,2.3761934245214165,2.9017259239530624,12.846685238050547,0.6517714636622703,1.0467425014563065,5.104452516000913
서대문구,남가좌1동,0.6116224841366132,1.3705091665759606,1.6640030143728866,6.918327604988381,0.4497103204200586,1.1280497830420975,2.6844170746277203
서대문구,남가좌2동,0.5771139250413473,0.7838442934963796,1.142138342875006,4.374326434061317,0.27519222943014726,1.1644165665272344,1.6755919817298002
서대문구,북가좌1동,0.4956136426401715,0.5664394685954732,0.7797004415589139,3.0786383177407544,0.35871271026137685,1.241290005670919,1.1409775411777299
서대문구,북가좌2동,0.3659193916192362,0.5333856202396394,0.6862382172173239,2.8272620560155515,0.2254387318622547,1.1805255943078783,1.0759753662210447
서대문구,신촌동,0.7292815044450431,1.5828112560922634,3.209227588360434,8.528040587191107,0.3386332905419258,1.1268723990648606,3.3457270468525118
서대문구,연희동,0.6822348116610077,1.4291803362999196,2.591675358766966,7.819963582914187,0.3568338943718356,1.1245208740728396,3.054735663984521
서대문구,천연동,1.4096211800864316,1.3694946978566742,7.2164812651277614,9.162985883018736,0.2487358691004429,1.1555853740321418,4.019748870694644
서대문구,충현동,1.2602573542619073,1.3767269966001798,7.2279088541130445,12.550564586913753,0.30233605982354894,1.0799730631022435,5.246778518078671
서대문구,홍은1동,0.5799999444925832,0.5130218488072655,2.990809673431272,2.6271084197801886,0.18543400903680896,1.2287096926731012,1.3199075436562795
서대문구,홍은2동,0.39070214555811134,0.29360544051437143,0.8381228452682541,2.4507793166796343,0.19098020686424932,1.185010167412086,0.9375499089928646
서대문구,홍제1동,0.8498347072954034,0.8769061806959284,3.4712598713767018,4.596996305751082,0.21744889942382625,1.230457921358551,1.9151157141585506
서대문구,홍제2동,1.3798502828791115,1.5057965581707125,6.469181936538423,7.286014166626795,0.2275458813507817,1.208703370267861,3.2500383173166822
서초구,내곡동,2.920894030019393,0.30696467667313093,2.306964676673131,4.534823383365655,0.6139293533462619,1.3154111179280334,1.736498480654912
서초구,반포1동,0.8442751375776314,1.5160557086609816,3.513898244419501,15.289826819830102,0.0,0.8503554566913913,6.31573546698584
서초구,반포2동,1.1132340131556813,1.1466262862152816,1.4631225664195882,5.697425286690178,0.1316373292162882,1.1596283365562354,2.17511138563241
서초구,반포4동,0.7749368699338142,1.046073985400331,2.567429598706746,7.897409054282967,0.08402842340202486,1.02919152125102,3.1646424449327544
서초구,반포본동,1.1728320490020663,1.149980127864728,1.4325181971755243,4.652318910222531,0.22902599166683058,1.2670965170207864,1.697659409141333
서초구,방배1동,0.48147108858973237,0.49829873228717647,2.172520860088292,5.77464062092109,0.18441778578822834,1.0241249783855586,2.3439875588555843
서초구,방배2동,0.41198457716045916,0.2364224254314693,1.6801815607435078,3.2103144628857887,0.22476474604181548,1.1314020462053616,1.3001251705124073
서초구,방배3동,0.42782448874015955,0.1695411342336794,2.352620048302721,4.834758123373846,0.12460687086576822,0.967086250208804,2.0387156787310388
서초구,방배4동,0.40470701288221217,0.5343396609301577,1.7129390920241592,4.7938835676696305,0.2853421289626959,1.0911129478049029,1.9034101389319287
서초구,방배본동,0.4399092039320853,0.6714703174395027,1.6356447652568666,4.710056792032752,0.21478113632264964,1.1062436919409357,1.8560036533216446
서초구,서초1동,0.4892945069164971,0.9466821692317908,4.418409618110117,11.424847405851413,0.0,0.8823055698426535,4.782016169771795
서초구,서초2동,0.30280692217712846,0.9919310306094894,3.6132813858750903,11.569157970075128,0.0707510474425017,0.8477217131070053,4.827397250230554
서초구,서초3동,0.4025361469365552,0.36469014907693886,3.3980623883523227,8.328986401739709,0.059374437817460435,0.8643603287909415,3.524860946898889
서초구,서초4동,0.6652313842697113,1.1423758812135634,3.4742661182559296,12.868896901199086,0.05346949516822721,0.8730760531613242,5.318613018338039
서초구,양재1동,0.8282969995677889,0.47819567677159924,4.286244392394799,9.380174550504051,0.0,0.9211609410667152,3.950844724313141
서초구,양재2동,4.19120998051243,0.7304033268374767,2.730403326837477,6.652016634187383,1.4608066536749533,1.3827146809322322,2.3575452421514393
서초구,잠원동,1.1107905133440708,1.8743173305731542,3.473313266009588,16.294957902025498,0.05216566970495913,0.8932613818303671,6.676837325870048
성동구,금호1가동,0.4348363545621583,0.6760034556614369,1.1247635613801599,6.515751765236134,0.35415398288712696,0.9624066232872599,2.6414741736485863
성동구,금호2·3가동,0.6053623003028522,0.7057301245873047,1.5681456273625727,6.644109443941282,0.23348859005173397,1.007248458849123,2.668479734510596
성동구,금호4가동,0.4986058494892122,0.9378738433680158,2.0407968806546486,10.436083740375633,0.15077521695991658,0.8490779670524825,4.320522607378691
성동구,마장동,0.4782446006760407,0.5463062397645422,1.1956622385764208,5.78863760292897,0.6168924948530959,1.0653531119048658,2.2893759614941596
성동구,사근동,0.5084596501807997,0.8721285549717828,1.3042447966892472,11.10356512128268,0.3106380912782235,0.7843287376737941,4.646215769668376
성동구,성수1가1동,0.721916702031794,1.4395034771177173,2.9961088690814246,24.534087560119556,0.2160560837390335,0.6644873954512655,10.424063001155032
성동구,성수1가2동,0.696468536331872,1.2994394054553093,2.0443871257703004,16.432731873912257,0.16584736799948635,0.7377041201798424,6.914164547281112
성동구,성수2가1동,0.9546278882810879,1.9396991578993084,3.5821792217235986,27.53178373368715,0.30811707717054837,0.7169700667663229,11.619774609878357
성동구,성수2가3동,0.5865292395722674,1.5405734033297473,2.386843112126622,18.98361331580689,0.19469822164534994,0.7174944370792479,8.008827532803979
성동구,송정동,0.4305384561327072,1.4222305377644093,1.8183574390231356,13.781799174290434,0.2582946227223895,0.783421661890839,5.7615485554400045
성동구,옥수동,0.5762427680549994,1.1720336360093428,2.396223740431423,11.944175118633243,0.07376675922914964,0.8402472217913348,4.946500307288148
성동구,왕십리도선동,0.42266148681415705,0.5329124212990038,1.2143240745333665,5.636116280203025,0.7703202457009946,1.090123645080287,2.212787756631749
성동구,용답동,0.5161709659560492,1.0877781945505027,1.5203190282395853,10.162565428970542,0.2824935347677823,0.8690363843462672,4.192054228994578
성동구,응봉동,0.5042756577771833,0.763348570385747,1.4866689395764534,12.498188988972544,0.21941208283298524,0.7179047506785738,5.277881840972593
성동구,행당1동,0.44706445758053265,0.7253860415155328,1.116877719067994,8.237111531665564,0.3404910726937492,0.864318715086399,3.4029902598004935
성동구,행당2동,0.5731702598091841,0.5559031072281871,1.1561142361356551,6.422321249615779,0.3603520324282202,0.9807877585002815,2.59350130866378
성북구,길음1동,0.05854311716404454,0.2487163317406508,0.7690533799685868,1.285593659593812,0.419617244203035,1.2946492544834147,0.4842997639948429
성북구,길음2동,0.2110452991085518,0.33221734273220327,0.7277435948470165,1.2134872654737778,0.4321130104606512,1.4316137963206803,0.40077222593109846
성북구,돈암1동,0.18073149152645368,0.4002974581809417,1.2066706217481298,2.3365954405428586,0.413077604229085,1.2547405795485571,0.8890609125122774
성북구,돈암2동,0.4048615466481685,0.9124881659634128,3.53996487274064,6.526811061413879,0.25842409712200143,1.0873232549729994,2.69648621185059
성북구,동선동,0.3529365619167149,0.7298406177940058,2.885020785937081,5.033541734101096,0.3849826188820366,1.1497223238659438,2.0521160512591288
성북구,보문동,0.5206977705726125,0.6520310033457418,2.7489925395608914,5.655329575445677,0.7283038067062901,1.1945424699637452,2.209431065986478
성북구,삼선동,0.7629021917390233,1.4590368214948661,6.120870520186937,11.495776633152925,0.7802708158948852,1.1195633126663391,4.688019689013542
성북구,석관동,0.2984669971132411,0.0,0.8699874279310197,2.326071687766249,0.2391724320186198,1.0122251929827832,0.9388387317928226
성북구,성북동,1.3220484579084588,3.4028879884821177,14.85698591031825,23.703849831480607,0.41492863926514234,1.0474241669272275,10.175361187367463
성북구,안암동,0.3338777589137156,0.505378790510339,2.0334741778014362,3.598622477552318,0.5656207837779177,1.2380862795996026,1.40250751650789
성북구,월곡1동,0.29264928529529166,0.16139018977696662,0.8418934416233487,1.9608880512345839,0.17278683077989423,1.1688123313985688,0.7653382050373897
성북구,월곡2동,0.21123093472658389,0.17270183949299,1.1636197820611225,2.552041249847716,0.41496896133860256,1.1594087247062466,1.0046533996698248
성북구,장위1동,0.35339456574027805,0.1316493053829354,0.7463297544781295,1.3134794126501808,0.19173974359144183,1.3032183678104783,0.49077277000749686
성북구,정릉2동,0.2070116304534912,0.9127721138702416,2.7217880912681824,5.712721831058973,0.35996643057973965,1.0933105610082001,2.312487462445238
성북구,정릉3동,0.34118310466659,1.7276237014260798,4.152181939735641,5.4127960140009,0.5726469584838388,1.2476590346450587,2.245472923171362
성북구,정릉4동,0.23549930241914552,0.7064979072574366,1.4551664508058293,0.7729754985352293,0.5891923316114391,1.4707763483451637,0.444475164555989
성북구,종암동,0.22053259655553048,0.3442246430792397,1.3214104651448102,2.7610233019837978,0.48758803092128455,1.2228417198041075,1.0607840799694843
송파구,가락1동,0.38916443341394563,0.37750151472888815,0.7579977352243373,6.155739094797063,0.13190309354305182,0.7788555956777856,2.5774315965287515
송파구,가락2동,0.5283524723230962,0.43711141495456723,0.6948365900001271,4.49416035297053,0.18725054419400433,0.981731131326759,1.8126017229429796
송파구,가락본동,0.4457484208622153,0.5067365927856948,0.7409808128931559,5.255518432373796,0.2000110465452574,0.9218295350811847,2.147287697917288
송파구,거여2동,0.41440466160585815,0.409416008961908,0.2741753164033519,2.551696079087441,0.16217858313277203,1.0731953916253545,1.0057221285851954
송파구,마천1동,0.7258655646268987,0.3119938006804662,0.48537610405631215,1.7588254927509501,0.3094985532967068,1.3667580398951622,0.6060543354060943
송파구,마천2동,0.3027496469352716,0.48230311643026347,0.4881343754705617,2.1107709524358795,0.08298718718904004,1.1547816602520429,0.8094516334330611
송파구,문정1동,0.42616157042360436,0.25007980522157425,0.3990136665556519,3.8692608453689443,0.16982006894294902,0.8777813146478213,1.594686284923226
송파구,문정2동,0.5877422605751164,0.25110945211850366,0.3026534184645647,3.310368989726433,0.17283846700248348,0.9609523195513082,1.3426576902940843
송파구,방이1동,0.687023899474235,0.7434664104067032,1.3914570844030463,6.619809925572707,0.2487307667545045,1.0176284157932145,2.6487513819381836
송파구,방이2동,0.6356472356492769,0.7321691684887834,1.628534455613787,6.549926117268715,0.18736394841777707,1.0145551890388464,2.6258392863219613
송파구,삼전동,1.1077194273199593,0.5812254586336466,1.642750409084679,5.729521368865212,0.26460598083294723,1.1322735834225273,2.222989659846267
송파구,석촌동,0.567847248240016,0.46062753263099443,1.1437283003443843,6.459634012773485,0.31003476731986,0.9423452503404945,2.630319434273824
송파구,송파1동,0.6666989930460722,0.5647862417005258,1.406062626665801,6.7445342493408145,0.2684591329785211,0.9814186058312325,2.7237247678256047
송파구,송파2동,0.5276422597874317,0.6433198346697347,1.2530976953293842,6.887386852612169,0.21805385617073153,0.9300795692766597,2.8099773037033455
송파구,오금동,0.6189928100181359,0.6319724608757988,0.9253325498152798,4.984357497238673,0.21826958976853705,1.0478862920306706,1.9774058974614146
송파구,오륜동,0.7672231431455802,0.9309577933058728,1.3929594998968935,5.817825988541237,0.16692276858220503,1.0886281921257088,2.2801457982895252
송파구,위례동,0.3407158912206422,0.29323491943247315,0.22893419639249596,2.7500911705692097,0.07883470689705227,0.8950165097387378,1.1289162655880334
송파구,잠실2동,1.7193167750726632,1.121806542397628,2.4766114568385267,5.645628515516686,0.15222586336994134,1.2575262354309247,2.09362926540988
송파구,잠실3동,1.026917868923459,0.7310688669422494,1.8885585636676792,5.118004714929793,0.20639310878250905,1.1874235513208502,1.955548626308211
송파구,잠실4동,0.8985651152907344,0.7027986587817894,2.0297426556864626,6.0383564222810895,0.21205604721437546,1.1145533172985198,2.3663808531127737
송파구,잠실6동,0.9152424097123775,0.6864612453596469,1.9331471618560583,5.157139024569808,0.15028690237862075,1.1492921698109337,2.0017150851217864
송파구,잠실7동,1.54033362904444,0.7653024280205829,2.3538329788955807,7.575672916406075,0.15511478205653148,1.102336603131874,2.966902152525125
송파구,잠실본동,1.4044082858767475,0.7578914452155425,2.1680725322710925,6.314109232849538,0.09177525747522892,1.1291556971576497,2.4530724035062694
송파구,장지동,0.33345226697660546,0.27594032507148214,0.40975839295431393,3.1721003635800553,0.12164881368587044,0.9240381489559546,1.2953795782034279
송파구,풍납1동,0.8200006631699468,0.4597618665687713,1.5981781768590628,2.7940146288481014,0.2666613163215624,1.3187978676021954,1.0322485169580213
송파구,풍납2동,0.9070773984578788,0.6766394975886847,1.9106282716132101,3.176973578554734,0.24814579629965447,1.325803429817162,1.1736769522330008
양천구,목1동,1.0121612681251317,1.2010631917702705,1.1450845442097117,2.585968013592229,0.2064759365228185,1.4070945508182584,0.8575768676365886
양천구,목2동,0.4866823678602614,0.5500531035289519,0.6853403715803392,1.1360120872909851,0.274803818254671,1.5084912093553764,0.3209937803997964
양천구,목3동,0.4668704501893275,0.6324226285304775,0.5507342541979773,1.3648418197751793,0.20420066845456575,1.440534590218445,0.43394804424157324
양천구,목4동,0.5952971286319841,0.7174451639861933,0.7870298603623895,1.1758317558709401,0.21585509857817167,1.50121137092297,0.3462797919930739
양천구,목5동,0.8585757556132877,0.9847439450450999,1.0303775711364658,3.6076094173497197,0.2401776878122601,1.2847731658651673,1.304359180639028
양천구,신월1동,0.5344703777462744,0.33513275636278317,0.34226822480024577,1.0358856632269244,0.2740510727262126,1.4747398387433803,0.312801842650503
양천구,신월2동,0.6435435278500401,0.450159732317568,0.6544707257272201,0.6841346854115408,0.3019266351950092,1.569692574053319,0.16516310592214967
양천구,신월3동,0.37683513368220095,0.22045907526226965,0.3325548235410113,0.9710020265924125,0.45281589158395974,1.4739748951777623,0.2920347483147959
양천구,신월4동,0.7234789772591894,0.2633659249217425,0.3170362683437361,0.5435340803742081,0.40855761670302737,1.5435713124101538,0.1855810760923052
양천구,신월5동,0.38676355454133327,0.4044454827463079,0.2695969637662783,1.6198857483498335,0.3970263223617686,1.3426329286145209,0.5641442082942827
양천구,신월6동,1.1758143012078905,0.5456817991156651,0.6860845534392916,0.5952586300882373,0.26382807867692354,1.507927909671632,0.3319393286396042
양천구,신월7동,0.7546600108746796,0.2956617624383592,0.48108900852267056,0.49522660189191137,0.35369044407236355,1.5563597199690846,0.17714997021773074
양천구,신정1동,0.8988806586041421,1.0226095570744635,1.0195538081759559,1.1107275656400573,0.20614987190547301,1.5103409173566584,0.36859231301933465
양천구,신정2동,1.3278643662604293,1.600394837990157,1.6367850451249766,2.8258900624289325,0.18140252090241576,1.4221023647628932,0.9426103641649773
양천구,신정3동,0.838908774501912,0.4124057598041949,0.5750979191559078,0.5509438034419258,0.43865186358602964,1.5753393493424372,0.1692322696170056
양천구,신정4동,0.8044101168315516,0.7022223279241315,0.8799506045365624,0.7797163158113029,0.31908680527068023,1.562562915304543,0.22062154894378105
양천구,신정6동,1.2666486602734497,1.2718313570850104,1.2840980357429896,1.7006133803956667,0.183609583145274,1.4756389016306457,0.5663798139785841
양천구,신정7동,1.2903538846369946,1.3430744539913695,1.252901311486815,1.5342925377539567,0.2284603533521231,1.4965779089092917,0.5153748261805347
영등포구,당산1동,1.007742937055278,0.8757992847567404,1.1829244861421793,8.376039409506344,0.35787300326469795,0.9830243634506928,3.3770623458776785
영등포구,당산2동,1.4081651965631088,0.746070643417157,2.3206899035875823,13.53865944678776,0.37159941794442375,0.8922596346462836,5.562273262382285
영등포구,대림1동,0.3820471454856683,0.376562286731856,0.3771244187283473,2.897115818079548,0.33514410978514664,1.105214976503238,1.1313387768158254
영등포구,대림2동,0.4739066865789966,0.33146641838055113,0.46693779218652626,2.298718914631626,0.29908928704711474,1.2300757373006663,0.8559332798419768
영등포구,대림3동,0.8317868551955685,0.50786643129874,0.6170001946879062,3.090046592440997,0.27991585111553613,1.2344446557188833,1.1492019306878833
영등포구,문래동,1.314507205867662,1.0368057055506894,1.3579955339532064,6.650875415761063,0.2516024369073714,1.130593821914225,2.5701407077607676
영등포구,신길1동,0.5905305334938237,0.5644204292047941,1.1961002950485813,6.561532017773923,0.25262049440349765,0.95232757252158,2.6652992399224353
영등포구,신길3동,0.5986225621495205,0.5321536766954522,0.7120147379062177,4.827124725804066,0.26750954264361493,1.0199240802881018,1.9297423507984464
영등포구,신길4동,0.4345920308105239,0.41558676957945107,0.6554735939133514,4.538418486710508,0.266181586793442,0.9692383783641134,1.8368087805199806
영등포구,신길5동,0.5513810462792819,0.48373091405031676,0.5117413120770737,3.4259317597788987,0.2544671117927442,1.1090571076545008,1.3357418130191796
영등포구,신길6동,0.4018930345313617,0.448032445014752,0.40962758866183524,2.7213964214711375,0.2460928384549549,1.1368427457433419,1.0515498851161307
영등포구,신길7동,0.19848446492768507,0.4810969828063342,0.6138547549258763,3.455133348727203,0.2831426674063309,1.0286669242537494,1.3786006226305993
영등포구,양평1동,1.259104192363025,1.259831754511982,1.4353881306336664,7.172843189437489,0.32657176059421833,1.1403041461250794,2.763673257430405
영등포구,양평2동,0.9251596874626977,0.5429946591070076,1.4306751080981095,6.535677657018319,0.36003118093923275,1.0555989534286454,2.591124453138655
영등포구,여의동,1.656055921101285,1.3999706289866787,3.0332419039303025,13.560300693848305,0.21780994648575108,0.9911356048568148,5.451826324458349
영등포구,영등포동,1.0989739118241013,0.7051769097164415,1.6426069739183327,11.622650812906464,0.3701626872103133,0.8706531808366946,4.794531671059167
영등포구,영등포본동,0.875684863030236,0.6377283111260079,1.195470970366301,7.117696794464544,0.27130122526828837,0.9827919187722229,2.8698623395237104
용산구,남영동,0.808889298089274,1.1701248725719864,5.118179103269672,11.556808013268665,0.3566810369488436,1.0363787639437192,4.733526058311421
용산구,보광동,1.204078688442395,2.2467221076340063,3.5301346967858596,12.81615129136601,0.15868953631250868,1.0445551022477149,5.089001161214507
용산구,서빙고동,1.7360103041531774,1.6325002283845544,3.017385324478256,8.59078070759602,0.09467852611130363,1.1639659430193907,3.28499358079109
용산구,용문동,0.3722217050584081,0.5584941594896189,2.623011059765308,5.007642358801274,0.13144252060274927,1.0539180901724736,2.0803494575710926
용산구,용산2가동,0.9309126248560862,1.3207014066362601,4.506552172268095,10.139920133167918,0.31016942955112625,1.0897601739660332,4.080724049697523
용산구,원효로1동,0.5394024992664265,0.7836231101620843,3.0717926341815094,6.655483682900266,0.2439211083299075,1.0789803460934417,2.7011106970422536
용산구,원효로2동,0.6478663563816619,0.648338089862146,2.237593378559738,6.307435774691366,0.0832265104553243,1.0204082601139228,2.5464970170497
용산구,이촌1동,1.7361415039167827,1.193696015898627,2.3875521474428147,4.493662891465247,0.08372744672843845,1.3024195152333946,1.6399836091378146
용산구,이촌2동,1.2432536876344404,0.8501962608948451,2.427134741553497,6.951869253980785,0.06221142423463618,1.093617549669585,2.7332284857626354
용산구,이태원1동,0.8089853513686794,1.466169961746409,3.4821772850682953,11.171130191554129,0.1750691436355804,1.0040675437471025,4.5068921759518785
용산구,이태원2동,0.8243862068053565,1.4517422448386215,4.460790462573351,10.379346403574374,0.3151465240829419,1.0813571600006386,4.175677940503485
용산구,청파동,0.6137485444188561,0.984018378558675,4.341071464604538,10.23710959446252,0.256197527707673,1.002725757355544,4.2145833043560526
용산구,한강로동,0.8091671148508688,0.827817894502215,3.0409815900391703,7.071817329474382,0.10324480334040605,1.0676070488183835,2.850877265103549
용산구,한남동,0.7193371803081301,1.4673094524098018,3.3050622771368237,9.854049749432633,0.135335892050285,1.0245641884052705,3.961743121100125
용산구,효창동,0.3371561405406973,0.6055263139558866,2.4594448882088393,5.188919689655811,0.2304190581072701,1.0721015814987132,2.117990393575568
용산구,후암동,1.1015855942020867,1.516673868300732,6.6713819661451055,15.10682245815048,0.4644484641690052,1.0387796283787099,6.181422416317257
은평구,갈현1동,0.09253585356733404,0.09253585356733404,0.4706218045138809,1.9825542886811438,0.17259512163720514,0.9415517553021466,0.8091281802751416
은평구,갈현2동,0.13212441452735624,0.0673675855359265,0.8638013532995937,1.7181396723023548,0.09775177114889289,1.0133967144425953,0.7196815882593873
은평구,구산동,0.12534222586909136,0.0,0.6340172957866526,1.9355314838522815,0.06186423796197973,0.8120683638976596,0.8136120112474673
은평구,녹번동,0.33771690900343476,0.2060078902375918,0.9636160346870511,1.8860850217869054,0.22836535120881835,1.2506071542519983,0.7195555846327125
은평구,대조동,0.27470009175447113,0.08945868069665486,0.8208547672584046,1.7248160175654579,0.20293264296574623,1.1728888129980546,0.677417853668375
은평구,불광1동,0.42981013571582277,0.1968074145637319,0.973035878093709,1.5181502787586096,0.2646278675612634,1.3449649085922646,0.5605595947215508
은평구,불광2동,0.491419349230793,0.7269382938906633,1.4569874342785962,2.8137578705064734,0.08369077615538119,1.2386592391447595,1.0730536059804596
은평구,수색동,0.9445838973479943,0.9461621393780222,1.2972326425999494,1.6843044234009792,0.15774959342238498,1.452770905333435,0.5638693559227933
은평구,신사1동,0.2303053134739718,0.12276898924879032,0.7188857410806868,1.6302918784188516,0.07319216549174552,1.1027774937718582,0.6533567547647897
은평구,신사2동,0.2505476287762216,0.20715379759124508,0.43753250078884043,1.5667235147251757,0.0759263425790887,1.1389332557785823,0.606081277510092
은평구,역촌동,0.2022852179593025,0.11202215791476165,0.7853772438423244,2.051765387024346,0.07347566786357095,1.0082568091003785,0.8374658865035702
은평구,응암1동,0.2852334766334817,0.236823660507083,0.8546987534729606,1.7601226580420977,0.18265021516101565,1.2445664930344873,0.6699798823933018
은평구,응암2동,0.3790625732582217,0.31698879511460964,0.8013262712311677,2.618026364710535,0.10993833392552949,1.1174489661729121,1.0224650400086526
은평구,응암3동,0.380074331359908,0.20354643980633785,0.6391918630772202,1.7930033605893607,0.1918083205340632,1.2427131188098315,0.6686431450229825
은평구,증산동,0.27629003633278765,0.28925835742110617,0.489690241205336,1.2616204960517519,0.17580635503870867,1.345119090600566,0.44150906539607626
은평구,진관동,1.3883377158229966,3.4708442895574914,3.4708442895574914,6.941688579114983,0.3058311420885018,1.321905629261135,2.538187681091072
종로구,가회동,2.4840239330554406,4.725136766892606,21.34774120120016,36.934773200720535,0.8718280020963113,1.0589991338016322,15.559064828638952
종로구,교남동,2.014320751554224,2.699802727515759,13.338283339334216,21.43339647691904,0.3803935499688983,1.077522950767555,9.095722606068078
종로구,무악동,1.6518773677091758,1.684560838118153,9.86893059422378,10.465527355248113,0.22086767441276467,1.14179330091653,4.959208724760876
종로구,부암동,1.6077917228924354,2.307521491440319,11.308213307988197,8.442300710118628,0.2638476855233146,1.1784601970060722,4.81148434534424
종로구,사직동,2.238450470581735,3.2188030906162863,16.006048001384105,26.07637091639201,0.43260024998671953,1.0643338130974316,11.084464347197883
종로구,삼청동,2.624786301423384,5.1532817503519865,22.87982506520158,29.70506616649102,0.41398954474799865,1.0965901961794065,13.235624772428867
종로구,숭인1동,0.5865705775548518,0.9502975781834117,3.9056711274314044,8.435129193473218,0.8477368030254748,1.1407597662837465,3.354249079633794
종로구,숭인2동,0.4823019789337051,0.6700899140995555,2.422118832397894,5.805828257818337,0.7908614073608973,1.1841144178489325,2.246705108478972
종로구,이화동,1.1801383862355825,2.1858366753957754,9.778083836438324,19.936959734094792,0.9899625762902333,1.0673167227509135,8.18653726148281
종로구,종로1·2·3·4가동,2.216014919240146,3.9459315662000045,17.290876854064845,32.8692711859597,0.9931824783877113,1.060667249396015,13.636556791908049
종로구,종로5·6가동,1.1427596718227275,1.8430695173482479,7.864800995551613,17.331302302020976,1.0457996735927013,1.0833092289309885,7.02092534155943
종로구,창신1동,0.6880614253950712,0.9510016565086362,4.0632125780839,9.052489649364995,0.9330822453382582,1.142094460867375,3.5876185791928865
종로구,창신2동,0.8285327749582705,1.3449914992343543,5.791834396581759,11.068868674322932,0.9595553819658665,1.145480725410613,4.459011804275849
종로구,창신3동,0.6824551859842753,1.0748068273074611,4.940243092831555,9.557748348824202,0.8016281779702925,1.1301239061888335,3.8675792054096174
종로구,청운효자동,2.32359500271213,3.575316671803984,17.397048556260483,21.33684333893551,0.3527463911722307,1.1135239773158347,9.636968586377549
종로구,평창동,1.0232262961744962,2.74214927945411,12.454481384260962,9.55397744743171,0.20189968803281622,1.1228360086201707,5.478411664580569
종로구,혜화동,1.3650750428152876,2.9465768507164416,12.968772809209476,20.323649352764228,0.6780467351552557,1.0905503074006484,8.647848419254464
중구,광희동,1.0645872933861817,1.677615286113996,6.465048876492329,15.503722933823159,1.0116235315876143,1.0893585998240591,6.220992572372541
중구,다산동,0.6794065074057052,0.9756701081122146,2.860632479510589,8.898774109584227,0.5326706679872802,1.069619277352982,3.541328917572613
중구,동화동,0.4886689546237042,0.5593585791691814,1.581247094240287,4.6443506192710196,0.6269455231743548,1.194966769301401,1.7699767939319155
중구,명동,2.175219707719783,3.207722494450934,15.250380214702432,31.167262064023923,0.9261493426219966,1.0424095072860984,12.882443928699868
중구,소공동,2.0111243397825636,2.9080313142334413,13.72930814679541,27.69444464272814,0.547776096558909,1.0301216414723855,11.494892700864803
중구,신당5동,0.4428386113541629,0.552890411873556,1.732636214747549,4.698607589929969,0.7149949729808294,1.201166263107105,1.791202477199659
중구,신당동,0.7276244253239849,0.9704636258207295,3.632079508755361,8.249373211912093,0.8404150520400728,1.1647657242376706,3.233986285067861
중구,약수동,0.6251912220926614,0.9260379336883862,2.339730785640194,6.212188807810022,0.37965004307898714,1.1474804670378798,2.4228268769745895
중구,을지로동,1.697631396754299,2.549844688132664,10.763975612801833,24.45492340194122,1.1465208869591048,1.0645883087392645,9.933820462709468
중구,장충동,1.0570449591348021,1.623782070276087,5.460467210558702,14.315930862794175,0.6966456333475262,1.0706585226307284,5.739807488253067
중구,중림동,1.130731536762521,1.3232635771398433,7.205834307677509,13.374311080156783,0.3519022920375644,1.0544409943575088,5.58050761476979
중구,청구동,0.5255166802188151,0.6864282665185696,1.8401825096453006,5.1027645551954635,0.5537591053293596,1.1865537359799907,1.9564226033988557
중구,필동,1.4945749687936511,2.3002167028967926,8.810181440723111,22.30049339081976,0.7992975450363359,1.0338287817797491,9.057164224069627
중구,황학동,0.41671092393097026,0.639595882265831,1.9521003796550829,5.181838013302856,0.7577913037820527,1.1889872360036289,1.9878158983922942
중구,회현동,1.5891310684108169,2.181957555192433,10.866433573402292,23.047244489614958,0.5036508123893279,1.015331229997397,9.554105811372223
중랑구,망우3동,0.7536893923913843,0.26976233390895793,0.839771720369237,1.3974833834463956,0.22252055859467773,1.4144444549622681,0.4800876370634003
중랑구,망우본동,0.8214266436274962,0.3842764713506684,1.0266126416678674,1.5576638765524224,0.1921382356753342,1.414144277999286,0.5403991494560056
중랑구,면목3·8동,0.9428426618673142,0.1413828979467705,0.6861648133730842,1.2368664913940564,0.3567477630559881,1.419816429251819,0.439762952340851
중랑구,면목4동,0.6639745111184208,0.12518836001908196,0.22573397069800988,1.3793439825667981,0.5947570296363263,1.340321294787186,0.4942150884690413
중랑구,면목7동,0.817968269050645,0.05971889945849957,0.2672803364695248,1.3158134116850597,0.40888835528724077,1.2945929875481454,0.498906677088352
중랑구,면목본동,0.5894524471465532,0.10256311921037047,0.5408133039945269,1.7789671102929738,0.35497033913459375,1.2794341741171862,0.6469461417723442
중랑구,묵1동,0.7434119689395636,0.22004158231187593,0.9842295827516003,1.7013007649271747,0.1552308724251918,1.3240995627667684,0.6312484527205283
중랑구,묵2동,0.4762799793662472,0.0,0.8592355206191581,1.9053539850212982,0.23948480737724748,1.1315147927198508,0.746706414820572
중랑구,상봉1동,0.7341915544509848,0.16121532503849206,0.7216732176505175,1.356347638994809,0.17890947974143445,1.3546399303957668,0.4924635488939625
중랑구,상봉2동,0.680077723717377,0.09184876862313052,0.6799089353604115,1.8000518349683148,0.3012540476625012,1.2811034673206052,0.6593929106658973
중랑구,신내1동,1.2005683612277855,0.838537676767673,1.6881461814017247,1.665094437909735,0.19637644319484263,1.4550164480233432,0.6242366079670256
중랑구,신내2동,0.7709705114084039,0.4150702149220753,1.2656677183809382,2.0767716815025854,0.2205860624784859,1.364855360199289,0.7449004096627283
중랑구,중화2동,0.4050154101582565,0.0,0.8950049519812688,2.1855579414425943,0.13723670271647978,1.0192493918079162,0.8853828353513908
