시도명,시군구명,행정구역_코드,행정동명,경도,위도
경기도,가평군,31570110,가평읍,127.48751350850954,37.8288414914034
경기도,가평군,31570350,북면,127.49410687830124,37.94453134784336
경기도,가평군,31570330,상면,127.33774943361252,37.79076862982149
경기도,가평군,31570310,설악면,127.49913012623819,37.6533473310777
경기도,가평군,31570360,조종면,127.3717553133884,37.86712137432729
경기도,가평군,31570320,청평면,127.42934047549687,37.72976828693363
경기도,고양시 덕양구,31101590,고양동,126.90421439632097,37.70929303097809
경기도,고양시 덕양구,31101600,관산동,126.86372669234734,37.70968622889707
경기도,고양시 덕양구,31101610,능곡동,126.799835764715,37.62770797921358
경기도,고양시 덕양구,31101680,대덕동,126.85616332482846,37.589570853522524
경기도,고양시 덕양구,31101512,삼송1동,126.90686283724536,37.66326239592619
경기도,고양시 덕양구,31101513,삼송2동,126.87462257372904,37.65190061249557
경기도,고양시 덕양구,31101540,성사1동,126.84533499805416,37.6596808157147
경기도,고양시 덕양구,31101550,성사2동,126.840435839293,37.65006796584381
경기도,고양시 덕양구,31101520,원신동,126.8647057947867,37.67146481333941
경기도,고양시 덕양구,31101510,주교동,126.8278263942953,37.66171541346403
경기도,고양시 덕양구,31101580,창릉동,126.89220990270377,37.63112695461005
경기도,고양시 덕양구,31101650,행신1동,126.83382233143865,37.62128719176151
경기도,고양시 덕양구,31101660,행신2동,126.84099841617551,37.60732811918444
경기도,고양시 덕양구,31101514,행신3동,126.83960075768111,37.62525580584059
경기도,고양시 덕양구,31101515,행신4동,126.84828716841834,37.6196278649512
경기도,고양시 덕양구,31101640,행주동,126.81979427661172,37.607501616030426
경기도,고양시 덕양구,31101670,화전동,126.88362747247965,37.60360346438536
경기도,고양시 덕양구,31101620,화정1동,126.83302605436961,37.6419373201213
경기도,고양시 덕양구,31101630,화정2동,126.83656427365528,37.63214768873319
경기도,고양시 덕양구,31101560,효자동,126.95874929051249,37.66290955495199
경기도,고양시 덕양구,31101511,흥도동,126.8609076443274,37.63290387651605
경기도,고양시 일산동구,31103600,고봉동,126.81381031702092,37.70675732875103
경기도,고양시 일산동구,31103560,마두1동,126.78379449827247,37.660742654786105
경기도,고양시 일산동구,31103570,마두2동,126.78215024471092,37.6533863677508
경기도,고양시 일산동구,31103550,백석1동,126.79241453914914,37.64753710679478
경기도,고양시 일산동구,31103610,백석2동,126.78440647802695,37.642221090247084
경기도,고양시 일산동구,31103510,식사동,126.81613684471378,37.67890961970051
경기도,고양시 일산동구,31103580,장항1동,126.76106173827144,37.643619136920066
경기도,고양시 일산동구,31103590,장항2동,126.76885443724476,37.6557483289064
경기도,고양시 일산동구,31103530,정발산동,126.7780208408393,37.67046022056511
경기도,고양시 일산동구,31103511,중산1동,126.78284496800927,37.690977610079344
경기도,고양시 일산동구,31103512,중산2동,126.78672942802659,37.681124083884065
경기도,고양시 일산동구,31103540,풍산동,126.80143785484152,37.66219737755682
경기도,고양시 일산서구,31104514,가좌동,126.69867950387234,37.68581571311337
경기도,고양시 일산서구,31104570,대화동,126.74847824393335,37.67652079613703
경기도,고양시 일산서구,31104513,덕이동,126.74369155695715,37.69584483802157
경기도,고양시 일산서구,31104580,송포동,126.72281113752426,37.667081422762905
경기도,고양시 일산서구,31104510,일산1동,126.767918475922,37.68779933111081
경기도,고양시 일산서구,31104520,일산2동,126.77467400131299,37.685734263151915
경기도,고양시 일산서구,31104530,일산3동,126.7678126499591,37.67912735747999
경기도,고양시 일산서구,31104550,주엽1동,126.76570175324274,37.6696649635631
경기도,고양시 일산서구,31104560,주엽2동,126.75838168355756,37.67278822622268
경기도,고양시 일산서구,31104511,탄현1동,126.76636716425621,37.69424403173555
경기도,고양시 일산서구,31104512,탄현2동,126.77057619137199,37.70034352172179
경기도,과천시,31110521,갈현동,126.9841398281829,37.41059514190759
경기도,과천시,31110550,과천동,127.0085925171648,37.450822027802126
경기도,과천시,31110560,문원동,127.01909903942122,37.42479674100793
경기도,과천시,31110530,별양동,126.99554641250019,37.42759933425275
경기도,과천시,31110540,부림동,126.9988247427263,37.43504643221649
경기도,과천시,31110522,원문동,126.97681204098558,37.42137799207206
경기도,과천시,31110510,중앙동,126.97928876559911,37.43594616315952
경기도,광명시,31060510,광명1동,126.86170269202917,37.48724997113819
경기도,광명시,31060520,광명2동,126.85775083164584,37.48298049435219
경기도,광명시,31060530,광명3동,126.85632787208219,37.48009310509258
경기도,광명시,31060540,광명4동,126.8547728670656,37.47768903414758
경기도,광명시,31060550,광명5동,126.84860294137977,37.47717103137391
경기도,광명시,31060560,광명6동,126.83886783778458,37.46725859648181
경기도,광명시,31060570,광명7동,126.85123095752944,37.46548891084839
경기도,광명시,31060660,소하1동,126.88731889975486,37.444724537783024
경기도,광명시,31060690,소하2동,126.87661181560932,37.43501510629265
경기도,광명시,31060700,일직동,126.88261777301955,37.41993069810399
경기도,광명시,31060580,철산1동,126.86955331560587,37.488911824833465
경기도,광명시,31060590,철산2동,126.86672013604036,37.48340903418961
경기도,광명시,31060600,철산3동,126.87098629149054,37.475420581933335
경기도,광명시,31060610,철산4동,126.86329625831688,37.47257518940388
경기도,광명시,31060620,하안1동,126.86647311061417,37.457483151698604
경기도,광명시,31060630,하안2동,126.8742816652999,37.464710668382715
경기도,광명시,31060640,하안3동,126.8823241203883,37.45986744982443
경기도,광명시,31060650,하안4동,126.8796360232599,37.46702755842939
경기도,광명시,31060680,학온동,126.85510439129607,37.42956830059548
경기도,광주시,31250540,경안동,127.25270465112715,37.40540097038651
경기도,광주시,31250140,곤지암읍,127.38248967078194,37.363955387934354
경기도,광주시,31250580,광남1동,127.20495735090383,37.398288905658795
경기도,광주시,31250590,광남2동,127.22808057011639,37.38409032622099
경기도,광주시,31250360,남종면,127.32070348675538,37.50286047609502
경기도,광주시,31250380,남한산성면,127.23413296869481,37.45951759972786
경기도,광주시,31250514,능평동,127.16765956666329,37.35057664559643
경기도,광주시,31250340,도척면,127.31549039094453,37.308105179870296
경기도,광주시,31250550,송정동,127.26257887543109,37.425073222452035
경기도,광주시,31250513,신현동,127.16145792427147,37.364394826179954
경기도,광주시,31250560,쌍령동,127.2710182502226,37.40252012337774
경기도,광주시,31250511,오포1동,127.2130800273333,37.359817341754514
경기도,광주시,31250512,오포2동,127.26096473068101,37.36794820986789
경기도,광주시,31250120,초월읍,127.31115272846247,37.396876345083164
경기도,광주시,31250570,탄벌동,127.22699161147746,37.43086078937699
경기도,광주시,31250350,퇴촌면,127.34005296416444,37.4541400142194
경기도,구리시,31120510,갈매동,127.11812555968201,37.63163953825273
경기도,구리시,31120540,교문1동,127.11816580053839,37.58010167802032
경기도,구리시,31120550,교문2동,127.13382199611192,37.585943763668965
경기도,구리시,31120520,동구동,127.13668738647196,37.624686368071124
경기도,구리시,31120560,수택1동,127.1495652192884,37.59776802504298
경기도,구리시,31120570,수택2동,127.14350175906905,37.594238645069034
경기도,구리시,31120580,수택3동,127.14880851256369,37.580690015262945
경기도,구리시,31120530,인창동,127.12801398845488,37.608251784365
경기도,군포시,31160610,광정동,126.9257377419761,37.365970821667084
경기도,군포시,31160510,군포1동,126.95216683702104,37.354030161999766
경기도,군포시,31160520,군포2동,126.93893957783229,37.3414072879524
경기도,군포시,31160600,궁내동,126.9169360763113,37.364715158015954
경기도,군포시,31160560,금정동,126.94532034287171,37.36597376651002
경기도,군포시,31160630,대야동,126.90006201199259,37.33519650170483
경기도,군포시,31160540,산본1동,126.94001170092594,37.373041837489886
경기도,군포시,31160550,산본2동,126.92983594652756,37.37188172967353
경기도,군포시,31160640,송부동,126.92920326003814,37.32151652005394
경기도,군포시,31160590,수리동,126.91664968599144,37.351769560078814
경기도,군포시,31160580,오금동,126.92936533133553,37.34898968894442
경기도,군포시,31160570,재궁동,126.93734855192935,37.3585995680995
경기도,김포시,31230120,고촌읍,126.76286070286146,37.6065062146472
경기도,김포시,31230630,구래동,126.62742195094567,37.64519313115513
경기도,김포시,31230610,김포본동,126.71110601253872,37.63504220541774
경기도,김포시,31230340,대곶면,126.5714936832199,37.64636270221773
경기도,김포시,31230640,마산동,126.64149862921894,37.63914622382654
경기도,김포시,31230530,사우동,126.72608597628064,37.61912304640108
경기도,김포시,31230130,양촌읍,126.62494855662894,37.641740214194535
경기도,김포시,31230600,운양동,126.68537747489886,37.656050615676385
경기도,김포시,31230350,월곶면,126.55430093562282,37.736406236505445
경기도,김포시,31230560,장기동,126.67873894564495,37.637088315056545
경기도,김포시,31230620,장기본동,126.66329174364719,37.64794830441904
경기도,김포시,31230110,통진읍,126.59961573147432,37.69600615883398
경기도,김포시,31230540,풍무동,126.72236384917318,37.60620537539874
경기도,김포시,31230360,하성면,126.64131022555156,37.73667106610666
경기도,남양주시,31130530,금곡동,127.21216358283009,37.632035367106596
경기도,남양주시,31130580,다산1동,127.15661610358335,37.618813321892794
경기도,남양주시,31130590,다산2동,127.16906111903864,37.59747871158653
경기도,남양주시,31130570,별내동,127.11449386040624,37.6662850069053
경기도,남양주시,31130310,별내면,127.12624709465587,37.70987426351748
경기도,남양주시,31130340,수동면,127.30408665031898,37.72633739023843
경기도,남양주시,31130540,양정동,127.19158902328525,37.61089901711798
경기도,남양주시,31130150,오남읍,127.23146344116567,37.693812863224615
경기도,남양주시,31130110,와부읍,127.24710949391164,37.59402986171902
경기도,남양주시,31130350,조안면,127.2990608095237,37.56680542973194
경기도,남양주시,31130140,진건읍,127.18513388158564,37.65793433436785
경기도,남양주시,31130120,진접읍,127.19369569321768,37.72553932833252
경기도,남양주시,31130160,퇴계원읍,127.14320928222898,37.65349544199678
경기도,남양주시,31130520,평내동,127.23512027117025,37.6464185093458
경기도,남양주시,31130510,호평동,127.24951517766141,37.66381520679042
경기도,남양주시,31130111,화도읍,127.31594426535887,37.65282615156739
경기도,동두천시,31080550,보산동,127.08854680458421,37.92527645015141
경기도,동두천시,31080560,불현동,127.10859765589527,37.89253808858832
경기도,동두천시,31080600,상패동,127.03150225249188,37.90912343832624
경기도,동두천시,31080510,생연1동,127.06685328658126,37.9090709607506
경기도,동두천시,31080520,생연2동,127.05129051963112,37.90008227410969
경기도,동두천시,31080580,소요동,127.05622742467166,37.947780711849454
경기도,동두천시,31080610,송내동,127.06504549849576,37.88072147484045
경기도,동두천시,31080530,중앙동,127.05449602474069,37.908363301843025
경기도,부천시 소사구,31052591,괴안동,126.8066180578829,37.47876538119747
경기도,부천시 소사구,31052571,범박동,126.80896344976173,37.46892607202209
경기도,부천시 소사구,31052561,소사본1동,126.80040148250401,37.47144668455016
경기도,부천시 소사구,31052551,소사본동,126.7927172052851,37.47449559563807
경기도,부천시 소사구,31052531,송내1동,126.7566434351737,37.48385729459207
경기도,부천시 소사구,31052541,송내2동,126.76850653228755,37.47981808752881
경기도,부천시 소사구,31052511,심곡본1동,126.77583352429673,37.478190982504934
경기도,부천시 소사구,31052521,심곡본동,126.78282130991501,37.47848869267025
경기도,부천시 소사구,31052601,역곡3동,126.81586574356429,37.48265903319636
경기도,부천시 소사구,31052581,옥길동,126.82228991630969,37.46765964089711
경기도,부천시 오정구,31053531,고강1동,126.81063574590566,37.53441284390144
경기도,부천시 오정구,31053521,고강본동,126.82086953875744,37.529173966594904
경기도,부천시 오정구,31053511,성곡동,126.80817920463942,37.51365945298911
경기도,부천시 오정구,31053571,신흥동,126.77177878678901,37.52300924430087
경기도,부천시 오정구,31053561,오정동,126.77931379357456,37.53651087150743
경기도,부천시 오정구,31053541,원종1동,126.80405446755428,37.53038180352317
경기도,부천시 오정구,31053551,원종2동,126.8007604351507,37.52544507294026
경기도,부천시 원미구,31051601,도당동,126.78543502897004,37.51338439080912
경기도,부천시 원미구,31051681,상1동,126.75125405007792,37.49296404296339
경기도,부천시 원미구,31051691,상2동,126.74852014994913,37.499126860384735
경기도,부천시 원미구,31051701,상3동,126.75202132090844,37.51075740242753
경기도,부천시 원미구,31051621,상동,126.75919246223424,37.49144428948616
경기도,부천시 원미구,31051551,소사동,126.79514699841515,37.48598424797381
경기도,부천시 원미구,31051511,심곡1동,126.78193389920628,37.492393549894075
경기도,부천시 원미구,31051521,심곡2동,126.7841774899019,37.486649426877115
경기도,부천시 원미구,31051531,심곡3동,126.77474211199359,37.48961375403269
경기도,부천시 원미구,31051631,약대동,126.76920155308035,37.513382500892675
경기도,부천시 원미구,31051571,역곡1동,126.81038829419631,37.49232905218072
경기도,부천시 원미구,31051581,역곡2동,126.80381798482776,37.48764186843182
경기도,부천시 원미구,31051561,원미1동,126.79313040620578,37.49626109632028
경기도,부천시 원미구,31051541,원미2동,126.79052050434676,37.49076195424654
경기도,부천시 원미구,31051641,중1동,126.76607730639869,37.500782670523975
경기도,부천시 원미구,31051651,중2동,126.77628338218685,37.49690289028127
경기도,부천시 원미구,31051661,중3동,126.77271050807951,37.506909970060036
경기도,부천시 원미구,31051671,중4동,126.76323336604665,37.508859050969676
경기도,부천시 원미구,31051611,중동,126.7670800340847,37.49115018533227
경기도,부천시 원미구,31051591,춘의동,126.80241759219214,37.50247383068511
경기도,성남시 분당구,31023720,구미1동,127.09327226130694,37.35248904858704
경기도,성남시 분당구,31023670,구미동,127.12122971196399,37.34260174704387
경기도,성남시 분당구,31023710,금곡동,127.09598784240845,37.36297884811236
경기도,성남시 분당구,31023760,백현동,127.10991271504774,37.38971317160336
경기도,성남시 분당구,31023510,분당동,127.14464732496673,37.368888350678766
경기도,성남시 분당구,31023740,삼평동,127.10831864047977,37.40195903498839
경기도,성남시 분당구,31023580,서현1동,127.14920937650514,37.38559858615024
경기도,성남시 분당구,31023590,서현2동,127.13742451799064,37.375239350155134
경기도,성남시 분당구,31023530,수내1동,127.11598271569254,37.37905579626971
경기도,성남시 분당구,31023540,수내2동,127.1230235408265,37.37495689363435
경기도,성남시 분당구,31023520,수내3동,127.12941299194787,37.364849273410805
경기도,성남시 분당구,31023620,야탑1동,127.12593936199872,37.41307062218711
경기도,성남시 분당구,31023640,야탑2동,127.12744205751109,37.407681800065745
경기도,성남시 분당구,31023630,야탑3동,127.1508424504002,37.40458468721661
경기도,성남시 분당구,31023680,운중동,127.05849323816275,37.38187244499501
경기도,성남시 분당구,31023600,이매1동,127.13350106433413,37.39532785352912
경기도,성남시 분당구,31023610,이매2동,127.1220584077459,37.398936047677765
경기도,성남시 분당구,31023770,정자1동,127.10676120630416,37.37134095746835
경기도,성남시 분당구,31023550,정자2동,127.11870481709086,37.366599542691446
경기도,성남시 분당구,31023560,정자3동,127.12305477412188,37.35760301020494
경기도,성남시 분당구,31023780,정자동,127.11166097157333,37.36673095484904
경기도,성남시 분당구,31023750,판교동,127.09264976112627,37.38785465843393
경기도,성남시 수정구,31021650,고등동,127.08101875049199,37.42914007433619
경기도,성남시 수정구,31021600,단대동,127.15729943262072,37.45493394523582
경기도,성남시 수정구,31021670,복정동,127.13077715947654,37.45876015820836
경기도,성남시 수정구,31021610,산성동,127.15286857328599,37.45660592256658
경기도,성남시 수정구,31021580,수진1동,127.13580919516667,37.438466415131536
경기도,성남시 수정구,31021590,수진2동,127.12604185724989,37.43643070650476
경기도,성남시 수정구,31021660,시흥동,127.08331707520676,37.41202089430514
경기도,성남시 수정구,31021640,신촌동,127.10500520371376,37.4498954375329
경기도,성남시 수정구,31021510,신흥1동,127.14055497427779,37.44091675365587
경기도,성남시 수정구,31021520,신흥2동,127.1480865253303,37.44968722918384
경기도,성남시 수정구,31021530,신흥3동,127.14669498314319,37.44293278309763
경기도,성남시 수정구,31021620,양지동,127.1663231983984,37.46414668405706
경기도,성남시 수정구,31021680,위례동,127.14696536339298,37.46780409038453
경기도,성남시 수정구,31021540,태평1동,127.12359413172085,37.44576309358173
경기도,성남시 수정구,31021550,태평2동,127.13640630804149,37.44759555498313
경기도,성남시 수정구,31021560,태평3동,127.13218337081278,37.445399405818215
경기도,성남시 수정구,31021570,태평4동,127.14082116466216,37.448550602932556
경기도,성남시 중원구,31022530,금광1동,127.16619133689423,37.44435779336755
경기도,성남시 중원구,31022540,금광2동,127.16790600318741,37.44922698137741
경기도,성남시 중원구,31022610,도촌동,127.1608866529336,37.41932193463414
경기도,성남시 중원구,31022570,상대원1동,127.18015391994514,37.44025175331682
경기도,성남시 중원구,31022580,상대원2동,127.1580117063664,37.43527623484746
경기도,성남시 중원구,31022590,상대원3동,127.16330032456234,37.438995648973076
경기도,성남시 중원구,31022510,성남동,127.13271785542638,37.431356731101374
경기도,성남시 중원구,31022550,은행1동,127.16719280260908,37.45249370550411
경기도,성남시 중원구,31022560,은행2동,127.17503712628604,37.461056747626486
경기도,성남시 중원구,31022620,중앙동,127.15220582925738,37.43994027548212
경기도,성남시 중원구,31022600,하대원동,127.1459231144918,37.428152464323794
경기도,수원시 권선구,31012610,곡선동,127.0238172201853,37.236373596182744
경기도,수원시 권선구,31012570,구운동,126.97045373304043,37.28086890944603
경기도,수원시 권선구,31012600,권선1동,127.02698823074957,37.25835482606849
경기도,수원시 권선구,31012640,권선2동,127.02468585362308,37.24602482399152
경기도,수원시 권선구,31012650,금곡동,126.94432709683564,37.27364150392803
경기도,수원시 권선구,31012560,서둔동,126.98194024798794,37.26854360435695
경기도,수원시 권선구,31012520,세류1동,127.00539407400532,37.26005583769494
경기도,수원시 권선구,31012530,세류2동,127.00737445969912,37.24426636043648
경기도,수원시 권선구,31012540,세류3동,127.01520772212318,37.25991895259347
경기도,수원시 권선구,31012620,입북동,126.94835517932462,37.29032198770392
경기도,수원시 권선구,31012550,평동,126.9801025989071,37.245806289244335
경기도,수원시 권선구,31012660,호매실동,126.95305904676995,37.2624890675862
경기도,수원시 영통구,31014620,광교1동,127.0476891468208,37.30128520334344
경기도,수원시 영통구,31014630,광교2동,127.072650262828,37.28727158412697
경기도,수원시 영통구,31014670,망포1동,127.05845721954161,37.23916228482775
경기도,수원시 영통구,31014680,망포2동,127.04737714346601,37.240562433355905
경기도,수원시 영통구,31014510,매탄1동,127.04025223621669,37.270793611592694
경기도,수원시 영통구,31014520,매탄2동,127.05141200992027,37.27053652263072
경기도,수원시 영통구,31014530,매탄3동,127.05007563204491,37.25723458840583
경기도,수원시 영통구,31014540,매탄4동,127.04931623479763,37.266257341404064
경기도,수원시 영통구,31014640,영통1동,127.0771967099287,37.261297116177204
경기도,수원시 영통구,31014650,영통2동,127.05425061662304,37.24763965241609
경기도,수원시 영통구,31014660,영통3동,127.071811891052,37.25168128099516
경기도,수원시 영통구,31014600,원천동,127.05687595422579,37.27332400348252
경기도,수원시 장안구,31011590,송죽동,127.00480729366855,37.306435141752274
경기도,수원시 장안구,31011610,연무동,127.02296475791248,37.32464545134773
경기도,수원시 장안구,31011580,영화동,127.01357960774837,37.29121929065828
경기도,수원시 장안구,31011550,율천동,126.97175293825947,37.299592337344805
경기도,수원시 장안구,31011560,정자1동,126.98932229691296,37.30470345547794
경기도,수원시 장안구,31011570,정자2동,126.99838331979703,37.29227102198687
경기도,수원시 장안구,31011620,정자3동,126.98466048746391,37.29839858713092
경기도,수원시 장안구,31011600,조원1동,127.01650319997036,37.30054987097841
경기도,수원시 장안구,31011630,조원2동,127.01324012125814,37.30864521845982
경기도,수원시 장안구,31011540,파장동,126.98937804773851,37.32053149374126
경기도,수원시 팔달구,31013690,고등동,127.00295267054265,37.27430406862026
경기도,수원시 팔달구,31013670,매교동,127.01582944001832,37.26927173374621
경기도,수원시 팔달구,31013680,매산동,127.00572600040117,37.269088574985645
경기도,수원시 팔달구,31013540,우만1동,127.03319196412231,37.287685100692734
경기도,수원시 팔달구,31013550,우만2동,127.03858484743684,37.28018754290859
경기도,수원시 팔달구,31013560,인계동,127.03039150528126,37.268786596192655
경기도,수원시 팔달구,31013530,지동,127.02503450725209,37.28042934799235
경기도,수원시 팔달구,31013720,행궁동,127.01639583905569,37.28201540579497
경기도,수원시 팔달구,31013700,화서1동,127.00146418744308,37.280728827640424
경기도,수원시 팔달구,31013710,화서2동,126.99070137792084,37.28423146635026
경기도,시흥시,31150760,거북섬동,126.69317619709126,37.32200689776878
경기도,시흥시,31150590,과림동,126.83492073714015,37.432394770176785
경기도,시흥시,31150680,군자동,126.77985637020927,37.35670483722048
경기도,시흥시,31150670,능곡동,126.80879140218022,37.36516724500748
경기도,시흥시,31150510,대야동,126.799748392423,37.453482661551504
경기도,시흥시,31150550,매화동,126.82386513806948,37.406324691448226
경기도,시흥시,31150560,목감동,126.85310572874373,37.38026845968393
경기도,시흥시,31150740,배곧1동,126.73045840898702,37.376819116106944
경기도,시흥시,31150750,배곧2동,126.7163433107431,37.363143734305204
경기도,시흥시,31150520,신천동,126.78007729580636,37.43868389199117
경기도,시흥시,31150530,신현동,126.77486566044979,37.41288479729726
경기도,시흥시,31150700,연성동,126.80619489690196,37.389480308038316
경기도,시흥시,31150690,월곶동,126.75825243597272,37.383874874270305
경기도,시흥시,31150540,은행동,126.80793907469663,37.43249374208327
경기도,시흥시,31150710,장곡동,126.78520926562311,37.381599265071465
경기도,시흥시,31150650,정왕1동,126.73465959286553,37.332816394525636
경기도,시흥시,31150611,정왕2동,126.72161461544466,37.340808061453004
경기도,시흥시,31150620,정왕3동,126.70622924847825,37.34541624500914
경기도,시흥시,31150720,정왕4동,126.73126148824237,37.36260365032402
경기도,시흥시,31150640,정왕본동,126.7521532668323,37.35794855036973
경기도,안산시 단원구,31092740,고잔동,126.82574047878376,37.32488932696129
경기도,안산시 단원구,31092720,대부동,126.58876432373057,37.23849222228744
경기도,안산시 단원구,31092780,백운동,126.79935243393108,37.32412884765341
경기도,안산시 단원구,31092680,선부1동,126.80789036370899,37.33227080367065
경기도,안산시 단원구,31092690,선부2동,126.8010411908122,37.34522652713385
경기도,안산시 단원구,31092700,선부3동,126.82272390286987,37.35228957456116
경기도,안산시 단원구,31092770,신길동,126.76921774212948,37.331249424773276
경기도,안산시 단원구,31092590,와동,126.82685281918206,37.33978286621235
경기도,안산시 단원구,31092760,원곡동,126.79280801556158,37.331284454849865
경기도,안산시 단원구,31092750,중앙동,126.83600030323541,37.325412765721275
경기도,안산시 단원구,31092660,초지동,126.77434247814716,37.30994929908565
경기도,안산시 단원구,31092730,호수동,126.83119378206607,37.310369109653884
경기도,안산시 상록구,31091710,반월동,126.90629606799524,37.30309002732407
경기도,안산시 상록구,31091540,본오1동,126.87182559065594,37.28602845219409
경기도,안산시 상록구,31091550,본오2동,126.87000832035629,37.29469137010534
경기도,안산시 상록구,31091560,본오3동,126.86745073486524,37.30019128183853
경기도,안산시 상록구,31091570,부곡동,126.86909182924097,37.33469621535465
경기도,안산시 상록구,31091760,사동,126.85082308210374,37.299218917074384
경기도,안산시 상록구,31091770,사이동,126.84497347676003,37.28425777103735
경기도,안산시 상록구,31091620,성포동,126.8489016913418,37.32193763085374
경기도,안산시 상록구,31091730,안산동,126.87668501995783,37.35849363098404
경기도,안산시 상록구,31091580,월피동,126.84767023325536,37.344808677132576
경기도,안산시 상록구,31091740,이동,126.8553235896236,37.30983379812612
경기도,안산시 상록구,31091510,일동,126.87014996359336,37.3132011901611
경기도,안산시 상록구,31091780,해양동,126.83182867414355,37.29285835275847
경기도,안성시,31220420,고삼면,127.2715186786404,37.092326826793844
경기도,안성시,31220110,공도읍,127.17362251844035,36.99471227414518
경기도,안성시,31220320,금광면,127.34429343041799,36.98164660710669
경기도,안성시,31220350,대덕면,127.2384952589548,37.03446470100744
경기도,안성시,31220340,미양면,127.22337490582684,36.969489703774364
경기도,안성시,31220310,보개면,127.31380083159291,37.05607213309753
경기도,안성시,31220410,삼죽면,127.36660977142837,37.06788816098602
경기도,안성시,31220330,서운면,127.26721084321068,36.936743717277885
경기도,안성시,31220510,안성1동,127.28310436445436,37.00432817894178
경기도,안성시,31220520,안성2동,127.26710866253386,36.992147371999245
경기도,안성시,31220530,안성3동,127.26398613207627,37.026951116410366
경기도,안성시,31220360,양성면,127.22000197181853,37.08189042134201
경기도,안성시,31220380,원곡면,127.14711723197516,37.055952572557686
경기도,안성시,31220390,일죽면,127.46874849789502,37.09833747601314
경기도,안성시,31220400,죽산면,127.4218421935444,37.04868095056172
경기도,안양시 동안구,31042670,갈산동,126.96486837850264,37.37789719301931
경기도,안양시 동안구,31042681,관양동,126.96417737190886,37.41095012922934
경기도,안양시 동안구,31042610,귀인동,126.96722182695233,37.3844049013689
경기도,안양시 동안구,31042550,달안동,126.9505619913734,37.39608584195875
경기도,안양시 동안구,31042650,범계동,126.95386393166439,37.38767490856191
경기도,안양시 동안구,31042580,부림동,126.95793951866402,37.39665988418732
경기도,안양시 동안구,31042540,부흥동,126.94594536369708,37.39399263514544
경기도,안양시 동안구,31042510,비산1동,126.9345606601526,37.407227571307835
경기도,안양시 동안구,31042520,비산2동,126.93915951481779,37.3968950061907
경기도,안양시 동안구,31042530,비산3동,126.95156495036846,37.41999258245018
경기도,안양시 동안구,31042660,신촌동,126.95715778265581,37.38114973720885
경기도,안양시 동안구,31042691,인덕원동,126.97140459899904,37.39920318343652
경기도,안양시 동안구,31042600,평안동,126.96379726413835,37.390243054164216
경기도,안양시 동안구,31042590,평촌동,126.97565224016455,37.39252325758097
경기도,안양시 동안구,31042620,호계1동,126.95417966810935,37.37282347539829
경기도,안양시 동안구,31042630,호계2동,126.94685707328352,37.38264781400696
경기도,안양시 동안구,31042640,호계3동,126.96029634862101,37.36720813039948
경기도,안양시 만안구,31041630,박달1동,126.90925385634971,37.404542767317814
경기도,안양시 만안구,31041640,박달2동,126.88857395048024,37.39613035521104
경기도,안양시 만안구,31041600,석수1동,126.92674043954999,37.42869190423701
경기도,안양시 만안구,31041610,석수2동,126.90137603211608,37.419283775276234
경기도,안양시 만안구,31041510,안양1동,126.92512600393358,37.39936737941997
경기도,안양시 만안구,31041520,안양2동,126.91950793665981,37.408911670628015
경기도,안양시 만안구,31041530,안양3동,126.91276749026427,37.39803997909477
경기도,안양시 만안구,31041540,안양4동,126.91868937151,37.39681832794621
경기도,안양시 만안구,31041550,안양5동,126.92219434941138,37.392252456389045
경기도,안양시 만안구,31041560,안양6동,126.92519244284587,37.386109624113715
경기도,안양시 만안구,31041570,안양7동,126.93665782987789,37.38938192875689
경기도,안양시 만안구,31041580,안양8동,126.93007359613662,37.38018419976524
경기도,안양시 만안구,31041590,안양9동,126.90416325160183,37.378044738700396
경기도,안양시 만안구,31041651,충훈동,126.89925315780937,37.40788306837059
경기도,양주시,31260330,광적면,126.95297886153398,37.83006225192428
경기도,양주시,31260320,남면,126.97979977753766,37.89603792167258
경기도,양주시,31260110,백석읍,126.97763811009811,37.7889343512103
경기도,양주시,31260510,양주1동,127.0345839672535,37.785639241153575
경기도,양주시,31260520,양주2동,127.08693701939038,37.79258679334915
경기도,양주시,31260561,옥정1동,127.1008956841582,37.83696871199528
경기도,양주시,31260571,옥정2동,127.08806379879047,37.817821643845924
경기도,양주시,31260310,은현면,127.0239625223988,37.8692538553481
경기도,양주시,31260340,장흥면,126.9634939500806,37.71735381618851
경기도,양주시,31260530,회천1동,127.07498464492572,37.85685439813095
경기도,양주시,31260540,회천2동,127.04741847302198,37.825243263098784
경기도,양주시,31260550,회천3동,127.07040691809489,37.82584537115288
경기도,양평군,31580310,강상면,127.4676910606187,37.461073907071885
경기도,양평군,31580320,강하면,127.41176514009155,37.46809395729921
경기도,양평군,31580410,개군면,127.5494960155044,37.4398951523092
경기도,양평군,31580360,단월면,127.63580506596674,37.58283622280675
경기도,양평군,31580350,서종면,127.4063446989063,37.609326200663666
경기도,양평군,31580380,양동면,127.74221353500045,37.442831518826566
경기도,양평군,31580330,양서면,127.38025710791356,37.54127811018489
경기도,양평군,31580110,양평읍,127.51406719115309,37.49355773666043
경기도,양평군,31580340,옥천면,127.48652463339846,37.55178235871943
경기도,양평군,31580400,용문면,127.58828841634171,37.5197509290405
경기도,양평군,31580390,지평면,127.65142947117174,37.448686767519185
경기도,양평군,31580370,청운면,127.75220659544136,37.54820983419282
경기도,여주시,31280110,가남읍,127.58017401323873,37.20918823772285
경기도,여주시,31280380,강천면,127.72646389181033,37.28848224126218
경기도,여주시,31280340,금사면,127.49767367467172,37.39651924751137
경기도,여주시,31280360,대신면,127.6024869924231,37.37759754458576
경기도,여주시,31280370,북내면,127.68915071442984,37.35628672682549
경기도,여주시,31280350,산북면,127.44205247752468,37.40925669721404
경기도,여주시,31280390,세종대왕면,127.57785511989775,37.29411816014492
경기도,여주시,31280510,여흥동,127.65043960375796,37.255900122657124
경기도,여주시,31280530,오학동,127.64904916006834,37.316502267174826
경기도,여주시,31280310,점동면,127.68393415489577,37.19114359110321
경기도,여주시,31280520,중앙동,127.61811112476687,37.274456294565425
경기도,여주시,31280330,흥천면,127.53339874287424,37.34537005038674
경기도,연천군,31550310,군남면,127.0379015095993,38.074914758637476
경기도,연천군,31550340,미산면,126.97695613170464,38.03629758221826
경기도,연천군,31550330,백학면,126.9000563393187,38.02920040477341
경기도,연천군,31550360,신서면,127.1058475328841,38.198782557678456
경기도,연천군,31550110,연천읍,127.11467823086802,38.10027925937075
경기도,연천군,31550350,왕징면,126.9432240514035,38.09708802250305
경기도,연천군,31550380,장남면,126.85132736655827,37.994036272668545
경기도,연천군,31550120,전곡읍,127.03721072730625,37.994438548531875
경기도,연천군,31550370,중면,127.00594720876026,38.16658724408533
경기도,연천군,31550320,청산면,127.10208840681622,38.010788637651274
경기도,오산시,31140530,남촌동,127.04912244074605,37.15714658139164
경기도,오산시,31140581,대원1동,127.07208343117007,37.13755491230137
경기도,오산시,31140582,대원2동,127.08713418544109,37.138783668521256
경기도,오산시,31140550,세마동,127.02971191267362,37.1842564461852
경기도,오산시,31140571,신장1동,127.05104791408554,37.172064162569846
경기도,오산시,31140572,신장2동,127.06521326674957,37.17370296680779
경기도,오산시,31140510,중앙동,127.08400961179038,37.153675092681645
경기도,오산시,31140560,초평동,127.04564132514932,37.142887149052484
경기도,용인시 기흥구,31192520,구갈동,127.1230593493009,37.277390762367105
경기도,용인시 기흥구,31192560,구성동,127.14128033855457,37.29538325282071
경기도,용인시 기흥구,31192540,기흥동,127.11414927459745,37.230992319795504
경기도,용인시 기흥구,31192670,동백1동,127.16429652188025,37.28576327303239
경기도,용인시 기흥구,31192680,동백2동,127.16179591349308,37.26675587869773
경기도,용인시 기흥구,31192690,동백3동,127.14723901110685,37.277146383947496
경기도,용인시 기흥구,31192570,마북동,127.12753438033938,37.30670847273908
경기도,용인시 기흥구,31192660,보라동,127.1310216618123,37.245008250554804
경기도,용인시 기흥구,31192590,보정동,127.10712401550538,37.30933097545929
경기도,용인시 기흥구,31192650,상갈동,127.11087060290718,37.2654951001305
경기도,용인시 기흥구,31192600,상하동,127.14354631500667,37.26158978668692
경기도,용인시 기흥구,31192550,서농동,127.07918699406285,37.23270236660779
경기도,용인시 기흥구,31192610,신갈동,127.10140773999252,37.283073392155195
경기도,용인시 기흥구,31192630,영덕1동,127.08027406862132,37.274781200114816
경기도,용인시 기흥구,31192640,영덕2동,127.09128858347029,37.253257284745345
경기도,용인시 수지구,31193560,동천동,127.05744029534641,37.35016387867498
경기도,용인시 수지구,31193620,상현1동,127.07966039838965,37.306633777094284
경기도,용인시 수지구,31193580,상현2동,127.08750457639054,37.30524289280447
경기도,용인시 수지구,31193630,상현3동,127.06940366470432,37.30233174912854
경기도,용인시 수지구,31193590,성복동,127.06067529570123,37.31927833383915
경기도,용인시 수지구,31193530,신봉동,127.05760211728087,37.332369028504516
경기도,용인시 수지구,31193600,죽전1동,127.12941353255577,37.33300832725995
경기도,용인시 수지구,31193550,죽전2동,127.1075891133862,37.33025196573456
경기도,용인시 수지구,31193610,죽전3동,127.12507838764452,37.325147249413405
경기도,용인시 수지구,31193510,풍덕천1동,127.09322739991701,37.328059332008195
경기도,용인시 수지구,31193520,풍덕천2동,127.0909644073006,37.31852176939048
경기도,용인시 처인구,31191140,남사읍,127.15665743772878,37.13265487936422
경기도,용인시 처인구,31191540,동부동,127.2514072167889,37.20387113321154
경기도,용인시 처인구,31191120,모현읍,127.2181626497729,37.326430349832684
경기도,용인시 처인구,31191350,백암면,127.37980630949716,37.14376167042618
경기도,용인시 처인구,31191560,삼가동,127.16559099242887,37.24018808975623
경기도,용인시 처인구,31191360,양지면,127.28865566267504,37.24193038684503
경기도,용인시 처인구,31191550,역북동,127.18641039817469,37.24117872003358
경기도,용인시 처인구,31191340,원삼면,127.31333836003675,37.163240835989235
경기도,용인시 처인구,31191530,유림동,127.2123779995726,37.25358390363687
경기도,용인시 처인구,31191130,이동읍,127.21116111794738,37.16471443561925
경기도,용인시 처인구,31191510,중앙동,127.20061673387343,37.22503775377072
경기도,용인시 처인구,31191110,포곡읍,127.21756598498385,37.29049311652715
경기도,의왕시,31170510,고천동,126.98626651738194,37.343041987823405
경기도,의왕시,31170540,내손1동,126.97712388633528,37.37683566366767
경기도,의왕시,31170550,내손2동,126.98259920093918,37.386158518401004
경기도,의왕시,31170520,부곡동,126.95267723931357,37.319806838667596
경기도,의왕시,31170530,오전동,126.98379534712308,37.359186300898905
경기도,의왕시,31170560,청계동,127.01151912344736,37.38809816541881
경기도,의정부시,31030680,가능동,127.02296183733418,37.75400985733046
경기도,의정부시,31030640,녹양동,127.03067721820447,37.761492209615255
경기도,의정부시,31030590,송산1동,127.09762786416296,37.725817084205296
경기도,의정부시,31030700,송산2동,127.09389115479429,37.73991993796913
경기도,의정부시,31030710,송산3동,127.11629998986493,37.75398820782449
경기도,의정부시,31030570,신곡1동,127.06432635254956,37.731269534169854
경기도,의정부시,31030580,신곡2동,127.06801601248387,37.74547207634518
경기도,의정부시,31030690,의정부1동,127.0490107638752,37.74121802164671
경기도,의정부시,31030520,의정부2동,127.03703636598637,37.73605069795662
경기도,의정부시,31030600,자금동,127.08623982677145,37.763215488057966
경기도,의정부시,31030560,장암동,127.06325153302896,37.70730887428731
경기도,의정부시,31030550,호원1동,127.0371406669455,37.70621660470763
경기도,의정부시,31030650,호원2동,127.03049105710701,37.720608309687734
경기도,의정부시,31030670,흥선동,127.01821460116307,37.73884945315235
경기도,이천시,31210530,관고동,127.42168238542102,37.28764248435073
경기도,이천시,31210350,대월면,127.49773996253248,37.21289369226318
경기도,이천시,31210340,마장면,127.37082549497826,37.249666072238924
경기도,이천시,31210360,모가면,127.45675060261587,37.170724931661915
경기도,이천시,31210320,백사면,127.48256239917134,37.32556730368596
경기도,이천시,31210120,부발읍,127.50697275696653,37.27311611304416
경기도,이천시,31210370,설성면,127.52311859946741,37.139548584833264
경기도,이천시,31210310,신둔면,127.41042649568354,37.31366348547581
경기도,이천시,31210380,율면,127.546950109114,37.07566132007026
경기도,이천시,31210110,장호원읍,127.5964233926086,37.13472272518872
경기도,이천시,31210520,중리동,127.4506974861135,37.243060079126224
경기도,이천시,31210540,증포동,127.45453798649788,37.28968957510715
경기도,이천시,31210510,창전동,127.44525143663822,37.28348676452367
경기도,이천시,31210330,호법면,127.41197991913153,37.21519980794359
경기도,파주시,31200350,광탄면,126.88300084391527,37.77669241862181
경기도,파주시,31200511,교하동,126.70922419245177,37.732560047803275
경기도,파주시,31200530,금촌1동,126.7823767498885,37.76084886756084
경기도,파주시,31200520,금촌2동,126.7765559958709,37.75089781147587
경기도,파주시,31200540,금촌3동,126.7482264530372,37.77992797663156
경기도,파주시,31200110,문산읍,126.78039301042398,37.87422588982637
경기도,파주시,31200130,법원읍,126.8929675875126,37.867117581317366
경기도,파주시,31200512,운정1동,126.75871657775365,37.73169981400144
경기도,파주시,31200570,운정2동,126.74029579583888,37.72676909565493
경기도,파주시,31200513,운정3동,126.7461178255738,37.71085968682562
경기도,파주시,31200514,운정4동,126.77591089638493,37.72409589793559
경기도,파주시,31200515,운정5동,126.71900594598735,37.72908190841505
경기도,파주시,31200516,운정6동,126.72233337060149,37.71478676523265
경기도,파주시,31200310,월롱면,126.78898499246367,37.797191035338635
경기도,파주시,31200390,장단면,126.74183687761375,37.9213331761435
경기도,파주시,31200370,적성면,126.93105095442175,37.958278693169326
경기도,파주시,31200150,조리읍,126.82309875362976,37.75083489317969
경기도,파주시,31200320,탄현면,126.70582421317317,37.8022258773803
경기도,파주시,31200120,파주읍,126.8149293671974,37.82853327988218
경기도,파주시,31200360,파평면,126.8513545208596,37.914326501737634
경기도,평택시,31070690,고덕동,127.0393097611086,37.0439222438827
경기도,평택시,31070330,고덕면,127.02343456060166,37.035078269312045
경기도,평택시,31070680,동삭동,127.09830649935095,37.01692508648095
경기도,평택시,31070670,비전1동,127.12376340502831,37.01500822289929
경기도,평택시,31070650,비전2동,127.11983429511344,36.99063146123718
경기도,평택시,31070520,서정동,127.05547384497615,37.06981875951493
경기도,평택시,31070320,서탄면,127.02148134245955,37.10219826026221
경기도,평택시,31070640,세교동,127.07307866868283,37.01303015886091
경기도,평택시,31070560,송북동,127.07779610441895,37.079100769096016
경기도,평택시,31070530,송탄동,127.09525232756671,37.046305481138845
경기도,평택시,31070570,신장1동,127.05029092273004,37.08774936385221
경기도,평택시,31070580,신장2동,127.05032940737458,37.07681205518818
경기도,평택시,31070590,신평동,127.10629193675139,36.981691538417756
경기도,평택시,31070120,안중읍,126.9366321593482,36.990892667799805
경기도,평택시,31070340,오성면,126.99126237634573,37.003427092329176
경기도,평택시,31070660,용이동,127.14030010610624,37.00098133215843
경기도,평택시,31070600,원평동,127.07167844463149,36.99251923765954
경기도,평택시,31070510,중앙동,127.0649871999667,37.0537169907584
경기도,평택시,31070550,지산동,127.05936079196323,37.076355362187535
경기도,평택시,31070310,진위면,127.08808137323065,37.108068866671445
경기도,평택시,31070140,청북읍,126.93399757273308,37.04483741866123
경기도,평택시,31070610,통복동,127.08714137747958,36.99994638871891
경기도,평택시,31070110,팽성읍,127.03688824560435,36.96134477664573
경기도,평택시,31070130,포승읍,126.85785310292081,36.98750395700519
경기도,평택시,31070370,현덕면,126.93212578704652,36.94466496377135
경기도,포천시,31270330,가산면,127.20106214632418,37.83388892462516
경기도,포천시,31270400,관인면,127.22515415783315,38.129149172407445
경기도,포천시,31270310,군내면,127.2295598330047,37.877330340198675
경기도,포천시,31270320,내촌면,127.23538291062678,37.797625131680185
경기도,포천시,31270520,선단동,127.14684386439546,37.86138297352519
경기도,포천시,31270110,소흘읍,127.14905550292778,37.79430006884476
경기도,포천시,31270340,신북면,127.17122265456429,37.944897158069665
경기도,포천시,31270390,영북면,127.28486670617183,38.07381650881785
경기도,포천시,31270360,영중면,127.2519530179817,38.00267231443508
경기도,포천시,31270380,이동면,127.38537575802115,38.051919377094606
경기도,포천시,31270370,일동면,127.32430228728124,37.96429306233791
경기도,포천시,31270350,창수면,127.17697565701867,38.022922620223405
경기도,포천시,31270510,포천동,127.18200355869824,37.89427723853326
경기도,포천시,31270410,화현면,127.28527486096431,37.898058385471785
경기도,하남시,31180660,감북동,127.16289572162616,37.51892444092509
경기도,하남시,31180670,감일동,127.1619119707005,37.503026482998294
경기도,하남시,31180540,덕풍1동,127.19808313003965,37.535137197310526
경기도,하남시,31180550,덕풍2동,127.199237984749,37.54132477017485
경기도,하남시,31180560,덕풍3동,127.20469369752632,37.551145936190004
경기도,하남시,31180620,미사1동,127.2044667498825,37.56765338357854
경기도,하남시,31180630,미사2동,127.18777734728782,37.57990875979958
경기도,하남시,31180611,미사3동,127.19004788507385,37.55038604393342
경기도,하남시,31180520,신장1동,127.20723576327795,37.53899978280809
경기도,하남시,31180530,신장2동,127.22160218848612,37.54887227025649
경기도,하남시,31180650,위례동,127.1619189386452,37.47972471677744
경기도,하남시,31180510,천현동,127.23829275096713,37.512295812850695
경기도,하남시,31180600,초이동,127.17354776134832,37.5343215433612
경기도,하남시,31180590,춘궁동,127.19422636084751,37.50658618418524
경기도,화성시,31240560,기배동,126.98875501167451,37.22384818589507
경기도,화성시,31240150,남양읍,126.81739376275031,37.20406210395191
경기도,화성시,31240610,동탄1동,127.07396344523131,37.210209470237785
경기도,화성시,31240600,동탄2동,127.07474567487579,37.192372885004545
경기도,화성시,31240620,동탄3동,127.05664990677873,37.208527805225756
경기도,화성시,31240640,동탄4동,127.11189112959927,37.195675932418695
경기도,화성시,31240650,동탄5동,127.12333903093503,37.20936480119583
경기도,화성시,31240700,동탄6동,127.08861757077328,37.18200266858479
경기도,화성시,31240691,동탄7동,127.1123130299775,37.170972236554555
경기도,화성시,31240710,동탄8동,127.11179394673424,37.15500706844532
경기도,화성시,31240720,동탄9동,127.13885620718756,37.18376131057334
경기도,화성시,31240350,마도면,126.76357849560613,37.19062730390952
경기도,화성시,31240310,매송면,126.9064110626934,37.263658966367196
경기도,화성시,31240550,반월동,127.06064408037614,37.22680330733129
경기도,화성시,31240530,병점1동,127.03502160786941,37.203378784477366
경기도,화성시,31240540,병점2동,127.04604415663601,37.21040352499582
경기도,화성시,31240120,봉담읍,126.93921313463571,37.20390439951903
경기도,화성시,31240330,비봉면,126.87157974479346,37.23210838597247
경기도,화성시,31240670,새솔동,126.81935554226952,37.28228988830495
경기도,화성시,31240370,서신면,126.69372312364905,37.16072750338457
경기도,화성시,31240360,송산면,126.7197838815454,37.245427188285895
경기도,화성시,31240420,양감면,126.95991398759232,37.088288682898664
경기도,화성시,31240130,우정읍,126.77535127435053,37.089411994227646
경기도,화성시,31240390,장안면,126.84076015678792,37.07436645944262
경기도,화성시,31240430,정남면,126.9861258422171,37.1618119388946
경기도,화성시,31240520,진안동,127.03822135499288,37.2197390494118
경기도,화성시,31240380,팔탄면,126.88208422610724,37.153686831154594
경기도,화성시,31240140,향남읍,126.9270523533879,37.11455497721844
경기도,화성시,31240570,화산동,127.0052749846107,37.20751997040496
