자치구,행정동,힐링,액티비티,문화,음식,쇼핑,숙박,체험다양성_엔트로피,체험다양성_표준편차
가평군,가평읍,8.876844380824027,35.53541128522813,8.340897504924818,32.22043002071028,0.8897148999519007,0.0,1.241378048658467,15.629018540435721
가평군,북면,16.51375359633299,39.81765759862487,9.0,5.884204814209673,0.06078080045837652,0.0,1.1373162858065866,15.01370497060909
가평군,상면,6.450963926424317,25.26822914143411,3.985214294565731,17.605722538903734,0.1332934080235783,0.0,1.183714733572541,10.29491385662573
가평군,설악면,8.757376364359688,47.9740146016073,4.162963560779529,28.523808511501784,0.939065013669107,0.0,1.115577123455319,19.231637310884402
가평군,조종면,2.879344967449759,20.849043500556963,3.314120754088863,16.775161313593404,0.7330216337301723,0.058038397131576575,1.1694665611902888,8.991628230496742
가평군,청평면,7.19727780672924,28.249706180972716,4.105452216173589,30.875513509839426,0.19688954771292122,0.0,1.1427551791019739,14.062192040439482
고양시 덕양구,고양동,1.167036572143167,3.2194038319488847,1.8240551825739613,7.130759340068764,1.770522052379222,0.0,1.3880329481983775,2.4889846348456035
고양시 덕양구,관산동,1.271260777750539,2.3439848187444987,1.5918820195520273,7.019729234704074,3.0263004405561227,0.0,1.4088227789380114,2.420871006582846
고양시 덕양구,능곡동,0.8431896662325588,1.1385319270878262,0.9910908148039863,6.799746352513686,7.205223339816567,0.0,1.226379004854717,3.2588473757501912
고양시 덕양구,대덕동,0.6039786970576597,0.9549087573623334,0.8386472364954654,5.221034289438001,4.905348296943373,0.0,1.2553772580601885,2.3306734574532384
고양시 덕양구,삼송1동,1.0002869598640711,2.2450725941294394,1.4656975300154176,7.1889511183012464,2.9587602417544527,0.0,1.3683014998840637,2.5229866405354446
고양시 덕양구,삼송2동,0.9287880777780976,1.7522346791246355,1.1739537456983093,7.504415508887615,5.859770948341289,0.0,1.3019127076720616,3.051154314421012
고양시 덕양구,성사1동,0.8327683781193775,1.4458365675424065,1.1400974717136334,6.782533660336957,4.627754360886999,0.0,1.3071200565947185,2.6401824117642607
고양시 덕양구,성사2동,0.6816342063170949,1.1689832526742863,1.022865253072778,6.4468793407871745,4.793320778617062,0.0,1.2675627217402237,2.615960136254923
고양시 덕양구,원신동,0.9750176531707089,2.0436115878648318,1.3619559560772545,7.733462870927121,4.62322995730995,0.0,1.3386337747153196,2.8800424430973526
고양시 덕양구,주교동,0.742976071800117,1.2081653176834561,1.0793293629071345,6.952250164072852,5.0136634097186965,0.0,1.263870322935656,2.7987607283151776
고양시 덕양구,창릉동,0.8826441844647134,1.9048953143010534,1.2451147420750477,8.04156186571192,8.428730329598398,0.0,1.258819649748015,3.7843469119774187
고양시 덕양구,행신1동,0.7141498457302673,1.117880208855468,0.8717925157338099,5.858162020422115,5.285099305806441,0.0,1.261728134824707,2.5617599371294864
고양시 덕양구,행신2동,0.7677499073349658,1.2291772773327936,0.9549770072697521,6.190194223537334,5.450355772828495,0.0,1.2733860914232864,2.6663543332786537
고양시 덕양구,행신3동,0.7002087330890061,1.1024045691855735,0.868798967387852,5.788259316109997,4.837524948591608,0.0,1.269617750196325,2.445271110108357
고양시 덕양구,행주동,0.8623232637986105,1.1983079142427315,0.9177339035495136,6.7001346511872475,6.121650560320855,0.0,1.250781817361207,2.9590785896619956
고양시 덕양구,화전동,0.5984151803734823,1.584399370361723,0.9608049644955123,6.263736127342365,5.642635460997695,0.0,1.273518536614081,2.724515423157885
고양시 덕양구,화정1동,0.7461458489699183,1.161722222185468,0.9863910450899986,6.01702851253335,4.9697915130814945,0.0,1.2827418858794775,2.5166922559976728
고양시 덕양구,화정2동,0.6643489970429941,1.0536436057026743,0.8720444031290192,5.5780449153608185,4.923182054176475,0.0,1.2658018910074735,2.4124991364185067
고양시 덕양구,효자동,1.2239603725072392,3.1761238610976257,3.3424227315448305,6.709259102731453,1.9026442020906802,0.0,1.4525948739266161,2.315774382149097
고양시 덕양구,흥도동,0.7481063526582302,1.3308718951799705,0.9244076409963763,6.869041031623144,5.63019880977095,0.0,1.2536968927694878,2.898725300751254
고양시 일산동구,고봉동,1.0352031994767745,1.5253093868964898,1.198396586203112,8.08838561452345,5.410597621505893,0.0,1.2872493130111256,3.1588534473030365
고양시 일산동구,마두1동,0.8956371214259908,1.077734501439664,1.1883460855738057,7.909435103518785,7.089718963634182,0.0,1.2236652054498658,3.499416483543296
고양시 일산동구,마두2동,0.9820713531402792,1.1065475691984046,1.4291588409292044,7.808130055105115,7.413451740653448,0.0,1.2495154531232497,3.510848963223887
고양시 일산동구,백석1동,0.8717216518503849,1.0544460339088326,1.1933931408192588,7.306022425194697,7.3579436121404616,0.0,1.2272198693229948,3.408937337516841
고양시 일산동구,백석2동,0.9150519050957251,1.138407632705157,1.2782864373468021,7.162343927585518,8.434818644987743,0.0,1.2254401401778716,3.646789851892089
고양시 일산동구,식사동,0.8562025583134445,1.3799125057016082,1.1807230773370907,7.631228168674176,5.450465423209515,0.0,1.2723170034492446,3.0531177549999917
고양시 일산동구,장항1동,1.0502472409568215,1.2026335726259836,1.2784452884028357,7.657126920870887,8.837149790244334,0.0,1.2277565271759274,3.848976926200336
고양시 일산동구,장항2동,1.0488839175075857,1.1885511012608474,1.3582091488453898,7.891697659356254,8.07288865970649,0.0,1.243749876906794,3.688925690806014
고양시 일산동구,정발산동,0.8962867007035178,0.9805212524727467,1.0954017504670306,7.441823086996236,6.547573332856597,0.0,1.226004209522733,3.2639472155816627
고양시 일산동구,중산1동,0.8430588206014725,1.0146494982257537,0.9623417609772609,6.807207125730657,5.56185844670328,0.0,1.2436160047543374,2.880526432040331
고양시 일산동구,중산2동,0.83838971490991,0.9962819750001869,0.9957122517882478,7.2317117202499395,5.766994569424593,0.0,1.2294405740404717,3.049025499594494
고양시 일산동구,풍산동,0.818889752005145,1.1172477344685938,1.179746427437802,7.869436252924779,6.293982429127494,0.0,1.2309155798161653,3.3193518428261046
고양시 일산서구,가좌동,1.2321708375049993,1.3038132272713425,1.7509139115653825,8.743513907537167,9.581958923278542,0.0,1.25240974375574,4.226747215107165
고양시 일산서구,대화동,1.1886300569864803,1.0445100726471566,1.1103286619953936,7.65576877703214,9.869274761650537,0.0,1.191196946581055,4.175346321368293
고양시 일산서구,덕이동,1.1641037467130635,1.12317673242298,1.329877296794549,8.300760969430893,8.693446629779627,0.0,1.2280984917866407,3.9511809289989177
고양시 일산서구,송포동,1.1551507165836947,1.1827508148202495,1.1942143720695961,7.959402274261066,8.577485801844158,0.0,1.2291870350039749,3.845966226842483
고양시 일산서구,일산1동,0.8496355990783324,0.8894232631072867,0.9028110955924812,6.355776911387461,6.27778686404199,0.0,1.2237304913321148,2.940908624939943
고양시 일산서구,일산2동,0.8195524909773726,0.8313703071025808,0.8240318342057295,6.268137874683426,5.594499653978513,0.0,1.2218170687251741,2.7701537370903786
고양시 일산서구,일산3동,0.9459665186348365,0.9392436308485669,0.9689013903932218,7.061360482871602,7.270141910770665,0.0,1.2099905065040113,3.3528899589235546
고양시 일산서구,주엽1동,1.033505892686108,1.0527649273654012,1.128417861999985,7.817295179004797,8.34792093143522,0.0,1.2091236169301385,3.7855218431800974
고양시 일산서구,주엽2동,1.1698971410183683,1.0319104931948528,1.0809769209749212,7.612912594649034,9.968703438990305,0.0,1.1843731389647525,4.204274669032332
고양시 일산서구,탄현1동,0.8539171855041016,0.8477977766494722,0.8633117847315268,6.292315678415357,5.736818321605088,0.0,1.2284248180659791,2.799975330901916
고양시 일산서구,탄현2동,0.924538098860779,1.056935322674423,1.1531808700538155,6.980329338189607,6.512257004349644,0.0,1.2524122253479557,3.1099413563938447
과천시,갈현동,0.912785797122381,0.8169790638815813,0.8598721743013713,5.196782791926301,6.458386540655858,0.0,1.2359736750890078,2.725371028328864
과천시,과천동,1.135278640955982,0.9058480952681597,1.3946457702176007,5.421268714122537,5.242045298804636,0.0,1.3434245849865585,2.3576658708999836
과천시,문원동,1.3004025904952516,1.0156285313450342,1.2381650391966206,5.076166325961641,4.615863140983378,0.0,1.381232969602954,2.1016902284852823
과천시,별양동,1.0667922209708296,0.8505271704874258,1.1301206188259783,5.0277614280969924,5.542599493095935,0.0,1.3130239411432947,2.376130964715288
과천시,원문동,0.8912305946202734,0.8737114697153034,0.9382152488634175,5.007843494477756,6.2242267952881,0.0,1.2589184249750944,2.603548059792985
과천시,중앙동,1.0163362483716527,0.8730239350583905,1.1867053210373795,4.633129931910501,5.731736852749942,0.0,1.3177056229165078,2.34146548959838
광명시,광명2동,0.4986736918109076,0.4746560464597087,0.5313161495114898,2.6144390912657554,2.2741390815910436,0.0,1.3321281816963948,1.0909676445107215
광명시,광명3동,0.4577127285098626,0.43543956995218946,0.48594646941053543,2.2714115505922097,2.17058779659391,0.0,1.3362682634627139,0.9857468034692033
광명시,광명4동,0.5036372971250855,0.47683501612742046,0.5271671183475164,2.7271875477943426,2.1419367674794794,0.0,1.3302091526064133,1.0961009430228945
광명시,광명6동,0.7097914117283557,0.669080108085475,0.7318295898289454,3.0593170940953347,2.286671035320802,0.0,1.3960320403303756,1.1669015690363724
광명시,광명7동,0.6529631089883327,0.6437063087031527,0.6984651535622596,3.2683047162156784,3.953528051068835,0.0,1.2996390784215182,1.6420733328925141
광명시,소하1동,0.8088984033266045,0.7644261071208509,0.9165104971585896,3.662094157845422,5.569128550212274,0.0,1.2788789069849809,2.172905098048038
광명시,소하2동,0.775337864824059,0.7075545754388528,0.9128515903762958,3.3763002567393436,5.917981933724955,0.0,1.2521463776731316,2.2618963308595195
광명시,일직동,0.8585407083385473,0.7542279818639042,0.9110015122151114,3.516561302596339,7.017183382484349,0.0,1.216469918970236,2.6580629261632853
광명시,철산1동,0.6085931994591826,0.5671948174900912,0.6779304634273176,2.976564216776078,2.812521732277392,0.0,1.3445222941724209,1.2795693387514
광명시,철산3동,0.5961391222938881,0.6039432468490633,0.6576284328502057,3.063812783519789,4.398318667129882,0.0,1.2603728360909545,1.7554591263804258
광명시,하안1동,0.7087719013006357,0.7331409882637715,0.7590892546912902,3.532666261601546,4.722009224175145,0.0,1.2848237152353834,1.9064612624017931
광명시,하안3동,0.7284273960760496,0.7366377208906374,0.788690085323859,3.496604249451247,5.2753095499964155,0.0,1.2658855396065594,2.0731381827299087
광명시,학온동,0.7569609850094986,0.7432219368676041,0.8094259850784495,3.2121017644404315,5.238012085427282,0.0,1.2772999690913014,2.0119460856183427
광주시,경안동,1.0841802201739292,1.0197034019439972,1.2477917006696848,5.700365998489403,1.3091427889708562,0.0,1.3094136464486554,2.004390043724974
광주시,곤지암읍,2.400596150341754,5.947055882882856,1.5364220323750275,13.22565453999103,1.2212812914499924,0.0,1.2288276405271445,4.924105071620304
광주시,광남1동,0.8859001630738872,0.8419833812336746,1.0087154455890133,5.727092719147329,1.3460031339656016,0.0,1.2485247436183273,2.053495812587512
광주시,남종면,2.181316827327934,2.7528845900863383,2.5818860804293724,11.759661352518805,2.4340710942367534,0.0,1.3233991781197998,4.114955065280888
광주시,남한산성면,1.3251423032120697,0.8723212119606776,2.167648730466239,8.263478649152717,1.6322856282819376,0.0,1.2423288859117583,2.975555410189176
광주시,능평동,0.8042257939405,0.9174364881864465,0.9391186338063024,6.054760778622037,1.58895562432063,0.0,1.2334267490868656,2.1844088388304845
광주시,도척면,4.070671117512468,7.489814718469183,1.5725407021777609,9.3329491256723,0.8701076743862481,0.0,1.3402736914142768,3.801038488185154
광주시,송정동,1.0193322954664081,1.0153213399223484,1.4260794009644553,6.148077935151402,0.982201730512007,0.0,1.2563113941057937,2.1987394450824658
광주시,신현동,0.799756469389578,0.8815557179924663,0.9533367871286456,6.275116506897281,1.702249434269932,0.0,1.222246135239891,2.272936374258071
광주시,쌍령동,1.2165748538407692,1.2145315989436865,1.3622768328704167,6.150979478824713,1.217206640225407,0.0,1.3096835729630816,2.1616494399938975
광주시,오포1동,0.9202149591906125,1.1377031767214487,1.0563065144291972,5.9026861642055355,1.2819330612375752,0.0,1.271117260306732,2.1006811437642323
광주시,오포2동,1.5133676384309993,1.6631705482266925,1.3235533650061198,6.680214322203606,1.0799872135521345,0.0,1.3143882381421803,2.347227416847244
광주시,초월읍,1.9959805720384343,2.7644657290143004,1.9599927977657132,10.125281832544315,3.82741085788013,0.0,1.3799804319018585,3.5045244293354862
광주시,탄벌동,0.9286606172497043,0.7672533087147068,1.2909730201789897,6.009810593544988,1.1217585049470815,0.0,1.2307428166498424,2.1647173601387775
광주시,퇴촌면,2.912407188727687,3.2034024427246126,2.6579439291062643,11.859426095510285,0.6374040873509691,0.0,1.2480755449973513,4.276787375146966
구리시,갈매동,1.234236459782369,1.2682567607678377,1.3400823203402499,7.5990225293679154,5.519213832995377,0.0,1.31019362637229,3.006314803046667
구리시,교문1동,1.1312872641901592,1.3193690955501542,1.2437775654703824,7.588608282515149,3.3044239343184207,0.0,1.3018804345024935,2.7425545310550077
구리시,교문2동,1.2231348635993282,1.3832594764372454,1.3569171028863733,7.705995938559799,2.989574889613979,0.0,1.312574065855765,2.747974389153195
구리시,동구동,1.4541369969633793,1.2335443751766055,1.5632563867490923,7.606357114842156,4.599417702306092,0.0,1.3451971054063567,2.826800203501893
구리시,수택1동,1.4543635499375767,1.4561677287109638,1.258553799351614,8.154794737630715,3.310699836963297,0.0,1.313018136807547,2.916880271563958
구리시,수택3동,1.3269480385226156,1.4740796667080203,1.3797959445169643,7.970141735082654,3.055301723136245,0.0,1.3178385122180596,2.8339774221453555
구리시,인창동,1.3087994809880603,1.3297935923742694,1.2401593070802828,7.30769792289643,4.136841334074092,0.0,1.3323707208210436,2.6981967895157295
군포시,광정동,0.8429841379521662,0.716326530523075,0.770921364808875,3.125121335905541,6.724050936442662,0.0,1.2031791696978429,2.5327585169489515
군포시,군포1동,0.8846764806193848,0.6964044867901293,0.9563848811925311,4.1598060513458055,6.165656160083583,0.0,1.2527842296628928,2.446458104355028
군포시,군포2동,0.943631922118265,0.7930213338276895,0.9548382740920305,4.119554855151046,5.488470836990694,0.0,1.2985854777959316,2.20508792810313
군포시,궁내동,0.9467125609597407,0.7573101593378502,0.7617172936716132,3.198353459235043,7.7746658632180505,0.0,1.169910781449228,2.919755080042489
군포시,금정동,0.8245845583785707,0.6637593685569488,0.8509962888189491,3.5875912262904732,7.941108835713551,0.0,1.1535963519716224,3.024003120595701
군포시,대야동,1.0643846983555103,0.9218547848631264,0.8650375933293327,3.472927148635055,4.796247946300303,0.0,1.35581644813576,1.8539415126022525
군포시,산본1동,0.7757928024812266,0.6256490739839593,0.7865205565694409,3.3315061221868247,8.82833407012757,0.0,1.091383937001443,3.356796527107745
군포시,산본2동,0.8038389192200353,0.6491077655294092,0.7230619006103993,3.075544159563673,8.47402097060772,0.0,1.09846137724472,3.2081071489509108
군포시,송부동,0.9656417518231343,0.8915930288944702,0.9447573545386089,4.343634350309911,4.761594040332881,0.0,1.333246597243949,2.02630644176637
군포시,수리동,0.9401506417515766,0.8267481176518976,0.8390740448107576,3.577450796127096,6.133563490661,0.0,1.2669760005418964,2.341174963898636
김포시,고촌읍,1.0204981102809785,1.1919135137703425,0.9981009668619443,6.903598643218341,15.937001739189052,0.0,1.0455682607731815,6.1967071453725255
김포시,구래동,1.0219822448965252,1.9987654285897791,1.9893635142936867,14.49511250367892,5.354208059555078,0.0,1.1811846415681375,5.380972974252373
김포시,김포본동,1.2031344944295252,1.3042987300494406,1.430505944581348,7.7746177733613795,7.57888293756466,0.0,1.2814113605066222,3.494355859831625
김포시,대곶면,2.16220746768987,2.0775287387211607,3.1019914762238017,8.322021506871035,0.900533896271007,0.0,1.344027707685372,2.930917108357363
김포시,마산동,1.0892447204084665,1.411797787022464,1.393607263508402,9.594799192220592,6.694080603454654,0.0,1.2477197564198415,3.849593328152985
김포시,사우동,0.9294225035917907,1.173801289961415,1.2151503912619717,6.966692936270569,8.728860930593738,0.0,1.2205175261011232,3.6929971501045795
김포시,양촌읍,0.9474774996034676,1.523871300366772,1.2321262748441653,8.26062692952167,5.456898891508102,0.0,1.2762496001029597,3.2302277501195307
김포시,운양동,1.3712198568479637,1.2208569289261808,1.5138715853329114,8.619297421388012,6.915518261554319,0.0,1.2850415229268053,3.5633117968175942
김포시,월곶면,3.3799039743589465,6.991793458465911,4.67706100740671,7.389999109099805,0.19708426153339892,0.0,1.37939957849175,3.207424707340647
김포시,장기동,1.3210209158982003,1.320474080483324,1.2483240075275401,8.303294445814128,6.897613039758724,0.0,1.2778452719278561,3.4878699957426162
김포시,장기본동,1.2715304191591308,1.1996204344421322,1.2966472192142005,8.315146134061434,6.80749839224221,0.0,1.2695731894357225,3.4855719415159254
김포시,통진읍,1.8678731287764467,2.2436257247791436,1.8615671170732901,7.788878563826378,3.0549814756978604,0.0,1.4227930901933588,2.640187351048967
김포시,풍무동,0.863928213959192,1.0529830517239498,1.0983486987619862,6.2844350961685445,8.485200137424703,0.0,1.2069083976785246,3.516736501722503
김포시,하성면,2.2358663633365,2.7736394168715592,2.770776519900231,9.503268238664194,9.369359528547166,0.0,1.4139205471758114,4.001752429819466
남양주시,금곡동,1.40251985946131,1.9892237623609912,1.5598207377065627,7.9672392328258015,3.0551097206086295,0.0,1.363495456256146,2.7799301853246643
남양주시,다산1동,1.6035487469019203,1.3747147777154283,1.3214534292031015,7.570051028137315,3.9729955483526878,0.0,1.350889707329599,2.7373571908779635
남양주시,다산2동,1.5580634775634645,1.549846783401057,1.2598006749498958,8.947253327839144,3.23226229472185,0.0,1.2917949577287287,3.202574853173516
남양주시,별내동,1.18382230423846,1.28599365734588,1.6055487359928156,9.400451304472568,3.1525815167418365,0.0,1.2494819293217694,3.4016561442537894
남양주시,별내면,1.2198538173192217,1.8848949481373463,1.2639513637847548,6.990883195941562,2.027898400577821,0.0,1.3422906888991721,2.4393641510548068
남양주시,수동면,4.168919862651229,11.050032212790171,1.038545167270418,8.690264094560145,1.0596488284574452,0.0,1.2824237623963195,4.571090224606687
남양주시,양정동,1.467220780401587,1.8445084242492853,1.3981802590404393,9.032644834367943,3.294728023204627,0.0,1.3112063741193447,3.2117159531104607
남양주시,오남읍,1.7376008715441518,3.211511519644326,1.2247770450632238,7.597236229351002,1.742421065282616,0.0,1.3668858796604402,2.663662239766519
남양주시,와부읍,1.7631439273070098,2.4420590985207262,2.165678703396775,14.011936577476336,3.943905316357802,0.0,1.2490327107770307,5.040231518867264
남양주시,조안면,3.026911147508164,5.395377352969079,3.724820749714172,13.892292881525954,2.973436491447432,0.0,1.3982567578102962,4.768498772971276
남양주시,진건읍,1.2166685934038644,2.5305927872232217,1.5391072956355012,7.352315854306832,2.896333181915214,0.0,1.391319068430297,2.5485498630666856
남양주시,진접읍,1.341345507448903,2.7871651483838478,2.3273191355819844,9.551256805258031,2.3500868120416554,0.0,1.3423032869829936,3.3337373527244054
남양주시,퇴계원읍,1.1943350721546961,1.479591330692698,1.5085197519014288,8.171887665643114,3.1399957797557057,0.0,1.3095322286653284,2.9161003127266265
남양주시,평내동,1.4665587505709783,2.2793147526633106,1.5229096891263953,7.639959785427422,3.029333472182067,0.0,1.3900886408524782,2.6409893683845787
남양주시,호평동,1.7022389016368538,2.939191817887529,1.626632293320953,8.802117026951954,2.197540286607011,0.0,1.358169516582422,3.059187856077373
남양주시,화도읍,3.586946331075068,8.698370275359379,2.6753737418723027,18.2133408133184,2.4282939395464753,0.0,1.2960861984657073,6.664136708661425
동두천시,보산동,1.071128113142119,2.5610103969827405,0.9586291331003035,2.968707884116907,0.36843652300362295,0.0,1.4013702605356098,1.191531219012791
동두천시,불현동,1.576210155586614,4.572107597240861,1.0689982340492166,4.814992150638237,0.44449492106579447,0.0,1.3260075020899695,2.096090946413437
동두천시,상패동,0.8562722575934203,2.0318494142559675,0.9920447091274851,2.796588380514466,0.32846399961474215,0.0,1.4027740817040144,1.0578954371918763
동두천시,생연1동,0.7237583235237031,1.7054784150924815,0.8267560355000608,3.11753758460021,0.3325531000318702,0.0,1.3516000103402224,1.1358152320899777
동두천시,생연2동,0.7148015192841984,1.6571516425550044,0.9762224469144565,3.1441905100674377,0.35416526610810717,0.0,1.3675820786078703,1.13216353731242
동두천시,소요동,1.355799222486403,3.5922132712221844,1.7224242142748292,2.975572439383793,0.17248916174171652,0.0,1.3794070605685689,1.4509007710271635
동두천시,송내동,0.9572683950518941,2.1837673935510367,0.9299926408963273,3.514168531781498,0.5683361350338215,0.0,1.4003717009189272,1.2761237057163037
동두천시,중앙동,0.6774294694066099,1.6088588061510294,0.7685355393759907,2.6731882289024314,0.2852654480814455,0.0,1.3666573694989907,0.9837389426718375
부천시 소사구,괴안동,0.7262727968185072,0.4525485708805531,0.7407671178372854,2.7330431514597984,1.8463955110838426,0.0,1.399774638810739,1.011943731616074
부천시 소사구,소사본1동,0.7989944150321379,0.5554116808983913,0.8348001125833361,2.9378438181299638,2.0862707974056827,0.0,1.4153547951873258,1.0913494423469086
부천시 소사구,소사본동,0.6864411552772764,0.4772352089266094,0.8286954607620609,2.737853485996941,1.9807320522001142,0.0,1.4054148536725617,1.029434225454461
부천시 소사구,송내1동,0.6578596102894567,0.358451365726165,0.6981780710074506,2.8886219628605905,1.817448959986818,0.0,1.352398609998144,1.079386719018786
부천시 소사구,송내2동,0.5951551778387227,0.38746745279324346,0.6921445982389982,2.5877652483310416,2.063023384584496,0.0,1.3666124350324214,1.0263745089653296
부천시 소사구,심곡본1동,0.6037387246247193,0.40739241971504564,0.9365482264970147,2.5915600795263547,1.9923952154131552,0.0,1.4006060081732836,0.9983024308770285
부천시 소사구,심곡본동,0.6495164206888346,0.41398009318305107,0.7402859777795971,2.5167843738189237,1.9878080827349442,0.0,1.3947535544100569,0.9792098757761845
부천시 소사구,역곡3동,0.7288876586937438,0.5032753907688734,0.718071595700509,2.80912291832018,1.8147735551773867,0.0,1.4010824232896166,1.027770868149173
부천시 소사구,옥길동,0.7313014170761842,0.6301163218233297,0.7648147649737708,3.1002240470791653,2.4145112022831006,0.0,1.390768091682075,1.202273852892254
부천시 오정구,고강1동,0.6252267727811236,0.4979825791902778,0.8359005760285797,3.2091888620165854,2.847905987956752,0.0,1.3414773382127512,1.3444079317068707
부천시 오정구,고강본동,0.6673096888503722,0.5408492436709689,0.855243992619827,3.2700874345363022,2.7821580089350557,0.0,1.356310369094464,1.3361022431804017
부천시 오정구,성곡동,0.778080104208162,0.4286686535785814,0.8544626537794713,3.0951535876167644,2.665807902852001,0.0,1.3643007222279706,1.2655471473466358
부천시 오정구,신흥동,0.7026377996821034,0.3438808482822524,0.7736897984690689,2.9591635430021395,2.695294718259587,0.0,1.3333280837169252,1.2585736832040593
부천시 오정구,오정동,0.7446240593854898,0.44196002326277295,0.8652583796962523,3.188391854314577,3.1301164121248433,0.0,1.340618500661949,1.3989144742918795
부천시 오정구,원종1동,0.6775913669385418,0.4783380632293289,0.7571989137671397,3.0460297437576895,2.4518241788047255,0.0,1.360053295457079,1.2163264531255755
부천시 오정구,원종2동,0.6809874821359384,0.43742573405817664,0.7968272373694207,2.9447723376696175,2.3778533040597,0.0,1.3664610166446867,1.1734369794715134
부천시 원미구,도당동,0.677484637015318,0.35548220133530717,0.7820596895367142,3.0363908054961515,2.447083349238047,0.0,1.3384115417612001,1.2269342057587869
부천시 원미구,상1동,0.8722682238397109,0.36482012816366655,0.634462037667377,3.309488895551574,2.4772150260534938,0.0,1.3264568099339304,1.3123253288111767
부천시 원미구,상2동,0.7729437688147776,0.31172940931380244,0.624398701173785,3.1758927360553093,2.667603092783834,0.0,1.3028041786864435,1.3251424174749427
부천시 원미구,상3동,0.7672902259948207,0.3234490942668893,0.6780549921190845,3.1821640657545185,2.869940130848511,0.0,1.3052832994226038,1.3653884254103954
부천시 원미구,상동,0.7084607612557163,0.38681715773048325,0.6594159665424555,2.9530378783957243,2.681467764003664,0.0,1.3292572768658717,1.2567442633561983
부천시 원미구,심곡1동,0.622186755973476,0.3484117010989482,0.6936668041252576,2.668985716058499,2.359244442650141,0.0,1.3438154820923007,1.114834873546048
부천시 원미구,심곡2동,0.5813944525456739,0.3167017059954813,0.7522591774085157,2.3525416138338677,1.6091999909213537,0.0,1.3891229169427135,0.8807857848137435
부천시 원미구,심곡3동,0.5727002330003534,0.35770721305618464,0.7046309657697023,2.7268234413004775,1.8499191157974455,0.0,1.353200633059461,1.0372246126829492
부천시 원미구,약대동,0.6393249075103864,0.3058470750476081,0.743109015375907,2.961547840072611,2.6760504781441536,0.0,1.3115530106357112,1.2682074165970039
부천시 원미구,역곡1동,0.795238114279768,0.4092234120720253,0.7863093048698379,2.714902504036603,1.7956844333410875,0.0,1.4065970444105578,0.9968670088829229
부천시 원미구,역곡2동,0.7356033315063855,0.42033697259329733,0.7394402931930424,2.644582846932366,1.671385545960418,0.0,1.4050505379113798,0.9614335903851237
부천시 원미구,원미1동,0.7491817582046736,0.3568773830378656,0.7818532266326615,2.638432214837717,2.2551176993517714,0.0,1.3808016666520158,1.0660304421286715
부천시 원미구,원미2동,0.7089003271154856,0.34854084867203994,0.7063434339351778,2.4415966634035957,1.7539128396199142,0.0,1.3976383921582325,0.9210517436423091
부천시 원미구,중1동,0.6335302562708999,0.3176363579277486,0.6657687094800289,3.0866453499660933,2.427358512392895,0.0,1.304332947166071,1.2561768453793927
부천시 원미구,중2동,0.6283875772093895,0.3430674783093898,0.6986324233377292,2.8089439458843954,2.6945135837788556,0.0,1.3204522458690664,1.2308207330246195
부천시 원미구,중3동,0.6579985396216239,0.29408849848873375,0.6776641176148708,3.1111022132109833,2.748092181171702,0.0,1.2910193375528132,1.3313348305045898
부천시 원미구,중4동,0.6637321542978004,0.29852916665093776,0.7179568241148351,3.3056875636174508,2.9505753584070016,0.0,1.2809279750849027,1.4269290075638474
부천시 원미구,중동,0.597203217537188,0.3166114298068349,0.6349915949363518,3.021773262688212,2.580975395449791,0.0,1.292169877464471,1.2750320414451652
부천시 원미구,춘의동,0.8126407311195776,0.3800001048532522,0.822293380957805,2.8811318681108853,2.4431299452250688,0.0,1.3754506298408502,1.1639120657663808
성남시 분당구,구미1동,0.8413771223554736,0.7523341385754039,1.0786996094832806,6.503829401726183,2.9814851234656974,0.0,1.2512632283666378,2.407966677287421
성남시 분당구,구미동,0.8232792619431516,0.865735559927538,1.0718591998605516,5.925712616143835,2.0841134020430183,0.0,1.2753644209266277,2.130685542444685
성남시 분당구,금곡동,0.7793495955754177,0.7216784791581061,1.023925326097979,6.43264013495693,2.7705000944240235,0.0,1.2349024566408973,2.379347047912611
성남시 분당구,백현동,0.8335616426153974,0.7564171792607648,0.8966266302929159,6.060387723339588,2.5187161446284607,0.0,1.248447251618141,2.2241781039323216
성남시 분당구,분당동,0.8083210324857225,0.9126889010877117,0.9257964662136646,6.0862580145623,1.826247408711662,0.0,1.2428164979745993,2.1971809911850637
성남시 분당구,삼평동,0.831385669106161,0.7880414196982497,0.9293653521472792,5.9811176284395,2.365049006800447,0.0,1.2570996726981727,2.179899112904513
성남시 분당구,서현1동,0.8827933429012269,0.9812703898616447,0.9973134739883402,6.789917783067889,2.2012114258523683,0.0,1.239791101631227,2.460549275381047
성남시 분당구,서현2동,0.8593294198027421,0.8576126281889436,0.973161337223273,5.980561943126327,1.997201697998009,0.0,1.2621045781815952,2.1545159126579407
성남시 분당구,수내1동,0.8030912457717807,0.7285249088240071,0.9350515217426805,5.923369761706888,2.249865035789105,0.0,1.2469492041559447,2.1601067880011846
성남시 분당구,수내2동,0.8170323219921224,0.7783264092712937,0.8239100434906006,5.569282853342107,2.260648285606612,0.0,1.2648632748366817,2.028394468582783
성남시 분당구,수내3동,0.7987966548042713,0.7358376269593649,0.8981237260986217,5.379677592252643,1.7458178303072092,0.0,1.2610782585207485,1.9364022717158431
성남시 분당구,야탑1동,0.694927877255594,0.6923775948240911,0.8375710188222164,4.870440855202045,1.5249113575203357,0.0,1.2610597504080252,1.7507519330365826
성남시 분당구,야탑2동,0.7120082338526451,0.9130055637102706,0.8558515119265484,5.187141405215796,1.7362663417981101,0.0,1.2800282928421942,1.857633701355538
성남시 분당구,야탑3동,0.8105859523334805,0.764292373480328,1.0030910870523415,5.3671389851633275,1.5518814309675697,0.0,1.2687891460581568,1.9198835923236341
성남시 분당구,운중동,0.8850888284527177,0.7539795648515333,1.0635873739431412,6.724358938198703,3.521659883770757,0.0,1.248658377451759,2.536039486453821
성남시 분당구,이매1동,0.8135328027081599,0.8345995178868064,0.929670624572527,5.866192646577881,2.0977072228720792,0.0,1.2600705474463876,2.121981220506
성남시 분당구,이매2동,0.7996021496052502,0.7601913820501544,0.9265327158290311,5.781008536142704,2.283379961587533,0.0,1.2595321135189148,2.105073437196468
성남시 분당구,정자1동,0.7980253861292924,0.7060890527731041,0.9304927717912111,6.135612768053212,1.9683901766787235,0.0,1.2191375566808391,2.236566251713178
성남시 분당구,정자2동,0.7725039017845559,0.7223265384848646,0.8700871141964897,5.612122932637173,1.75898393867152,0.0,1.2365545697545026,2.0330841528944386
성남시 분당구,정자3동,0.7877796741584112,0.8024976849168561,0.9751835638308004,5.70860638664148,1.675102791959963,0.0,1.2502258046862742,2.0548515415439264
성남시 분당구,정자동,0.7574671054743295,0.783110635125762,0.9781429115530498,6.047895135878024,1.8119172690342735,0.0,1.2280257178008094,2.1932413121426415
성남시 분당구,판교동,0.8187207852534966,0.743711512839354,0.9061452888361139,6.437112460030343,3.4664357977411018,0.0,1.236574127459799,2.4488985605684324
성남시 수정구,고등동,0.8202907927613573,0.7895307285047295,0.7991030649893203,5.494083313005973,3.0616325717693442,0.0,1.2767514618909697,2.071527140832407
성남시 수정구,단대동,0.6660684345501868,0.4277716018099484,0.7406713399907809,2.70271036773721,1.1273364394360872,0.0,1.387151385538401,0.9383912418427304
성남시 수정구,복정동,0.6354982472452801,0.5483246090292098,0.7412091358384301,3.240342737097834,1.345519912210698,0.0,1.3559791017732763,1.1400756347633796
성남시 수정구,산성동,0.6273670814822326,0.5560554404305473,0.6656720334131587,3.071722268237252,1.1644962088633273,0.0,1.356466882387299,1.0738339127040724
성남시 수정구,수진1동,0.5944741464625449,0.5003514063524394,0.7665852124769235,3.032028514160935,1.1226990301498274,0.0,1.3566639542979242,1.059503083989129
성남시 수정구,수진2동,0.6140521823325613,0.5341715688885411,0.7597571660538371,3.471070391107459,1.2088599556674513,0.0,1.3227272053919048,1.2260402288897188
성남시 수정구,시흥동,0.8121689495077918,0.828643828383794,0.8234843094947162,6.186548359395671,3.276248550147629,0.0,1.2482117946209466,2.3376192462303957
성남시 수정구,신촌동,0.7462935038162738,0.6401411010803499,0.8343376696401732,4.297511126447038,1.162527019033467,0.0,1.2854260159657367,1.5264632414390154
성남시 수정구,신흥1동,0.5621022069393965,0.41499060933408805,0.6892281528617825,2.737858041962737,0.9946182003265479,0.0,1.351504749505834,0.9581762201452106
성남시 수정구,신흥2동,0.5598071043523029,0.4614136291299389,0.7158894060013934,2.70993095719647,1.1305374646796293,0.0,1.3746329693295605,0.9461213266082313
성남시 수정구,신흥3동,0.6043833196247275,0.47575781491705377,0.7919459900215247,2.7957419297130084,0.998214187142921,0.0,1.376211026999847,0.9675467236231865
성남시 수정구,양지동,0.6654646330645606,0.5370416002238751,0.7508978948926273,3.4346708387002445,1.4945278433854114,0.0,1.3451165377366574,1.2190688942255736
성남시 수정구,위례동,0.6658308263244113,0.6064900189816101,0.7693753145140185,3.5838728437272853,1.5591604825344216,0.0,1.346839531803906,1.2708135619305057
성남시 수정구,태평1동,0.6228672518322176,0.4955788915893326,0.74275421773133,3.31634970482114,1.007991207483717,0.0,1.3177800372042576,1.1681307612799028
성남시 수정구,태평2동,0.5013374573873479,0.4403321518503249,0.7104399799434364,2.7231540659250433,0.8819807902744016,0.0,1.342510263862596,0.9525731751417124
성남시 수정구,태평3동,0.6346090269261078,0.47902202452801573,0.7497435029594106,2.822997735486133,0.9512880294953064,0.0,1.3702589962376832,0.9768693724420197
성남시 수정구,태평4동,0.6076781778607843,0.4220773436841288,0.7291308374206241,2.4664349568211343,0.8837084202918725,0.0,1.3921603860596758,0.8476947159929981
성남시 중원구,금광1동,0.7489365208138835,0.5028828951886809,0.7306154204049153,3.286707462914295,1.2291614509738098,0.0,1.352496825831563,1.1509029404632312
성남시 중원구,도촌동,0.7793311318714915,0.6249847276150171,0.987013159960688,4.36825074453216,1.2279106357584197,0.0,1.302723478392709,1.5445519209783094
성남시 중원구,상대원1동,0.7644582806551925,0.5435442151679315,0.844086974089723,4.024526835122595,1.416537074166457,0.0,1.3138048831384315,1.4273320159627787
성남시 중원구,성남동,0.6791498359858033,0.537809005805508,0.7484645859548733,3.6603611363815673,1.1423665360231163,0.0,1.308164424101598,1.2945487498341728
성남시 중원구,은행1동,0.606058537534119,0.49591892967838547,0.713007913612149,3.2263903922535384,1.202669258964261,0.0,1.333757388230151,1.1383861152168726
성남시 중원구,은행2동,0.7318403286438235,0.527801383058703,0.7388728781516509,3.6890080028201635,1.4213775995810778,0.0,1.3246942172195824,1.3089269165905972
성남시 중원구,하대원동,0.7114744915892331,0.58382360153603,0.8743067493553365,3.9014345369948495,1.2164234627762238,0.0,1.3171043001003293,1.3755835088846138
수원시 권선구,곡선동,1.1116202959424402,0.8930895326579023,1.1297989075381725,5.208955943448407,2.584147498898344,0.0,1.3659395825005094,1.8557303951160498
수원시 권선구,구운동,1.0906879732684671,0.9238271479084336,1.1891378679290932,4.819068275836059,3.9068190520620827,0.0,1.3784081402320503,1.9091763239719373
수원시 권선구,권선1동,1.0034337801460311,0.8886689533652878,1.389862998317477,5.846820003742127,2.7680811610420837,0.0,1.341579612429498,2.0969820294044643
수원시 권선구,권선2동,1.0738982750765729,0.8553865244990965,1.1942264193696548,5.3673096904530215,2.6268892438051967,0.0,1.3551921054446074,1.9193280554873213
수원시 권선구,금곡동,0.9772406178899593,1.0010947016519278,1.0794940985063386,4.473966529582572,3.85804601170783,0.0,1.3814881177064469,1.8111861433216012
수원시 권선구,서둔동,1.0896179887984156,1.0035564268507189,1.361009086629444,5.033484128632223,3.405625002656466,0.0,1.397668787095593,1.8657928315459624
수원시 권선구,세류2동,1.1104413114376128,0.9597521742177508,1.2305233731020015,5.388251685613292,2.762384852645948,0.0,1.3715082538844945,1.922333778417696
수원시 권선구,세류3동,1.0056991301094869,0.8823687601617106,1.4774801474390822,5.782929445425445,3.192767413222968,0.0,1.3520448621622487,2.1082979904342802
수원시 권선구,입북동,0.980386205929259,0.9158058131435369,1.0182318802445516,4.499103790101852,3.9192697192214645,0.0,1.365484255939529,1.8457454189212157
수원시 권선구,평동,1.1766406229790216,1.0460964147473346,1.2581539085088687,5.2499985867100065,2.73619650270891,0.0,1.3941121829960252,1.8544719765546382
수원시 권선구,호매실동,1.0790721061007982,1.0355187244639248,1.1608080541459878,4.80149649955701,2.7561912600774665,0.0,1.4023746107208144,1.713232938094196
수원시 영통구,광교1동,1.0170428120423034,0.7716795262261159,1.3561409802605051,6.731818750038405,4.669703699174242,0.0,1.284328836663192,2.658054811393345
수원시 영통구,광교2동,1.1054491124420767,0.8507550003330293,1.2570451309382418,6.310507467195282,2.856995522098737,0.0,1.3138421434134473,2.278759364346003
수원시 영통구,망포1동,1.19264306391627,0.9118255769852271,1.0143963848820017,5.577398712201832,2.6593157478986953,0.0,1.3441250911344815,1.9985309163617164
수원시 영통구,망포2동,1.1077700498521346,0.9197865011735497,1.0550481925808661,5.522357701076798,2.6192396893899135,0.0,1.3443510648521853,1.9771707353920533
수원시 영통구,매탄1동,0.9676761647977589,0.8669076673291668,1.4639392704906218,6.354184793430523,2.67655522438665,0.0,1.312625463041749,2.2819086306881924
수원시 영통구,매탄2동,0.9333989590888299,0.7457465198012444,1.1820054924234373,5.69202695742129,2.5018186340236324,0.0,1.3076709399855602,2.054942870278135
수원시 영통구,매탄3동,1.060906977176194,0.8603582236353405,1.1465883630216005,5.61408126753666,2.562137916785888,0.0,1.3360183259581309,2.0095439922322207
수원시 영통구,매탄4동,0.8998647706962951,0.7727908841412559,1.2481112513107542,5.540030762406938,2.452728918222631,0.0,1.3209062910975753,1.9910660605037753
수원시 영통구,영통1동,1.163591745511107,0.8637766429531547,1.1203639614063323,5.695932738312543,2.7539745072884494,0.0,1.3405281225043075,2.0477185301493295
수원시 영통구,영통2동,1.1058249319490518,0.8453752703272011,1.0366599666613947,5.473334138689313,2.552155878744121,0.0,1.3365952810199528,1.963028842519779
수원시 영통구,영통3동,1.1739081995508078,0.8786882048492144,1.083911422146139,5.5185887173942785,2.745365866201386,0.0,1.3494056392758447,1.9826807796643213
수원시 영통구,원천동,0.9578740392897168,0.7556803911644558,1.2181193808110036,5.406170294726237,2.5070304563236263,0.0,1.3311430149176406,1.943315994570433
수원시 장안구,송죽동,0.9471823446039391,0.7756095697688495,1.3313615929768639,5.124375958174485,3.542853171815736,0.0,1.3534141642849395,1.9587658032124742
수원시 장안구,연무동,0.9944374310352809,0.7429017690342357,1.2300921332087575,5.6072653247358275,3.6713396116716814,0.0,1.3235569526208049,2.1438218401722686
수원시 장안구,영화동,0.9803565847232177,0.9344006268284568,1.8021655845265734,6.217364943915438,3.5582955844844837,0.0,1.3528341826278902,2.282869446248394
수원시 장안구,율천동,1.0204751288457268,0.8139051863978131,1.0393838882438027,4.572867709935792,3.6743874953878617,0.0,1.363389632206305,1.8211824246071409
수원시 장안구,정자1동,1.0084706859434491,0.7547405663190954,1.172291042223154,4.911877593248743,3.3641532845429682,0.0,1.3571578918691716,1.868434399989061
수원시 장안구,정자2동,1.0432205584274876,0.826862748722464,1.377709329212991,5.270361043033647,3.5206437883173702,0.0,1.365141363734484,1.984252584623382
수원시 장안구,정자3동,1.0515826267777433,0.8246630111821763,1.1676010527555485,4.6632709036586615,3.2304175101120416,0.0,1.3825602334473612,1.7545712356538141
수원시 장안구,조원1동,0.9672716954733007,0.7817370079855371,1.4837226259214413,5.7719431240825605,3.6863762606369246,0.0,1.3362367609055132,2.1821577748264946
수원시 장안구,조원2동,0.9985603026305165,0.7463980313616942,1.3838833544846771,5.457776564138404,3.637077068163895,0.0,1.3426754850319624,2.0775899136248634
수원시 장안구,파장동,0.9982023407121641,0.785357413443698,1.174132138918732,4.973896750443162,3.5591439343879534,0.0,1.354188162769463,1.917956153118823
수원시 팔달구,고등동,1.011521866775364,0.9075626838669799,1.5808595048272518,5.628730876798636,4.068665179275102,0.0,1.3613638245732302,2.1704521759591393
수원시 팔달구,매교동,0.9864373246136746,0.9270907791330764,1.6350582284499173,6.162195910896875,3.4621754624115573,0.0,1.3464399819551705,2.2602722362668684
수원시 팔달구,매산동,1.0068866609261569,0.8718830755179539,1.5267007514804987,5.33704005768507,3.0878373576617757,0.0,1.3758084565261215,1.9389359746622348
수원시 팔달구,우만1동,0.9716371627866673,0.9022916794705426,1.5650030037168252,6.288367479041342,2.9041832434891752,0.0,1.3297662649074562,2.262427781657642
수원시 팔달구,우만2동,0.948868208220047,0.9027400128381551,1.5275243357195134,6.258264683745218,2.7106736028250467,0.0,1.3242380791185104,2.2427560564793265
수원시 팔달구,인계동,0.9428206580462949,0.8881605642014581,1.5382081310222966,6.247160082116995,2.703898398729928,0.0,1.323226318225259,2.2398131809873894
수원시 팔달구,지동,1.005911828717542,1.0374980868781194,2.1310744615307655,7.279714931545217,2.867207188765031,0.0,1.3261609944603372,2.5946516189429474
수원시 팔달구,행궁동,0.9776721032952934,0.9864729648617944,1.7956641989130078,6.278048214174964,3.571667254375827,0.0,1.3546188031919217,2.3001833550594544
수원시 팔달구,화서1동,1.0571001190329878,0.9216221760012314,1.5944099275583752,5.709964628097531,3.8985441435661694,0.0,1.366561637904294,2.1611134656592905
수원시 팔달구,화서2동,1.0044072263741057,0.8544483455600045,1.3163888660216045,5.078015502609973,3.771282094329714,0.0,1.3651351841623978,1.9688746558955847
시흥시,거북섬동,1.9142765799606831,1.4450977371380056,1.1909184844720773,3.073311998027776,4.133424939984199,0.0,1.503366829777681,1.4603793653196633
시흥시,과림동,0.8042325821483776,0.776903286769548,0.8087214655145829,3.226874537243499,4.563977910598322,0.0,1.3219094763065973,1.7817147662307562
시흥시,군자동,1.1140720875845755,1.1564410106588987,0.9317388227740117,2.988437608438457,3.9479798931534784,0.0,1.4369978686633469,1.4718594562059315
시흥시,능곡동,0.9369678644023609,1.0141095104008664,0.9478228982981456,2.9878217586733644,3.3426335596212975,0.0,1.4415685377667693,1.3197074671797158
시흥시,대야동,0.9098419221529552,0.8553108852567397,1.0009781427316444,4.018712944854813,2.2910234004912846,0.0,1.4045421206394597,1.430496909224066
시흥시,매화동,0.8992939549519214,0.9691375533827595,0.8158201627378083,3.246440818647277,4.653565760512847,0.0,1.3497127808642317,1.785356261992539
시흥시,목감동,0.8393869053875844,1.1855570217198106,0.738348318364769,4.506301792482178,5.161153637878101,0.0,1.3066276892791315,2.1838325099051077
시흥시,배곧1동,1.3336874121072606,1.199394749723626,0.894726609806753,3.365963449775853,8.548455160890787,0.0,1.2359924891749101,3.1366524935491444
시흥시,배곧2동,1.5802439038483638,1.37053555490019,1.004134807117017,3.946036736853546,6.933574364475387,0.0,1.3486162306526206,2.543709658421912
시흥시,신천동,0.9407186492429092,0.7819056670054281,1.053441918380193,3.54866873500474,2.3277379398230473,0.0,1.4336202555472548,1.2759258382582448
시흥시,신현동,0.9040840222113442,0.9706449674185524,0.8904005498737125,3.1259487328652287,3.1884188662705317,0.0,1.43104512524463,1.322902743470312
시흥시,연성동,0.9633682065697411,1.0960147568661758,0.9075366994253111,2.905019526382639,3.071395330789026,0.0,1.4617598127268545,1.2243380671440376
시흥시,월곶동,1.0910610770369018,1.1677211528886124,0.8644103765115884,3.2304660136690937,4.3369903343444305,0.0,1.405772784251116,1.6430617098292275
시흥시,은행동,0.8442294826196025,0.8300890587948505,0.8659645979765067,3.2429193556837044,2.9508081273890197,0.0,1.4131540729115153,1.3161790842980847
시흥시,장곡동,0.9547167370653644,1.0846368586161612,0.8498619420169566,2.8243561537508035,3.4256028889672225,0.0,1.440513023741571,1.3115774714314343
시흥시,정왕1동,1.417178452108745,1.1829818635233107,1.0572867543742004,3.434497570558646,3.769512515721526,0.0,1.4653188543536229,1.4743689527547086
시흥시,정왕2동,1.637184029833943,1.3050400130385795,1.1799533065978656,4.068636508147827,4.119954026036807,0.0,1.4632165454612183,1.6759741855695665
시흥시,정왕3동,2.1008908747636186,1.563723224716174,1.4520688022474673,4.460198348869869,4.2996133117076685,0.0,1.4958845281756301,1.74669232071202
시흥시,정왕본동,1.2921551295420404,1.3052284946476456,0.9284383767505558,3.2609278566248965,4.368025633124284,0.0,1.4343290146637673,1.6254484405599567
안산시 단원구,고잔동,0.8600506719748322,0.9621514520804011,0.8426444233304876,2.5777621999173466,7.252930497141422,0.0,1.2048301629536198,2.668417038372608
안산시 단원구,대부동,20.403651450755284,36.50809592477869,9.259537001237756,42.79719183382579,1.0,0.0,1.2969848856023805,18.176786046503754
안산시 단원구,선부1동,0.9553059904558873,1.0404843624614364,0.9904706752215988,2.552886858222753,4.047988640431247,0.0,1.4217216358011604,1.4533291631598093
안산시 단원구,선부2동,0.9464897975205475,0.985231264442459,0.939155786683173,2.688702948451068,3.6941259028825852,0.0,1.4295701744708826,1.3676536140868074
안산시 단원구,선부3동,0.9037127437490671,0.953310960977221,0.9759150740582576,3.0578314688624286,5.035835124739535,0.0,1.348084916091024,1.8702634366058044
안산시 단원구,신길동,1.2484084321919893,1.177010524855292,1.070719110305507,2.91301122055394,3.3000513539397534,0.0,1.4906630416247677,1.2453803109735067
안산시 단원구,와동,0.8473529922428611,0.954254111131839,0.9195324797152546,2.6997070337884974,5.9519916260033225,0.0,1.2850108686050703,2.1740221748869675
안산시 단원구,원곡동,1.0254315679011201,1.0617451126404676,0.9518705739413885,2.521839601355067,3.780002110384999,0.0,1.4420305897834056,1.3557969359108373
안산시 단원구,중앙동,0.8352724987902889,0.9411651971342645,0.9079572125988298,2.5233262959983715,6.667534207428058,0.0,1.2373947159167047,2.438336777213872
안산시 단원구,초지동,1.5026301025551903,1.5755767173224327,1.4532677474288547,2.910666921477227,3.186225272973337,0.0,1.5474594397075099,1.1531964080042263
안산시 단원구,호수동,0.9823584799042449,1.06057687902147,0.9010719242645832,2.9590487488058526,4.667192533364726,0.0,1.3787586620971275,1.721554256930167
안산시 상록구,반월동,0.9394683575417677,0.9438121344007296,0.905525054680741,3.701202551191547,4.186349391552158,0.0,1.3719392410706832,1.721647144112551
안산시 상록구,본오1동,0.9775079076597386,1.057856612758096,0.9703343835955992,3.079389457293884,2.4809463555542632,0.0,1.479372701989048,1.1335231442217897
안산시 상록구,본오2동,0.9068172551958898,0.8866494102350568,0.8415570230487026,2.78687122538306,3.800168446731669,0.0,1.398661748592533,1.4387637480351405
안산시 상록구,본오3동,0.9797035475364366,0.8706947587098393,0.8043071026261486,2.690047837422944,3.850934961447108,0.0,1.398955707620649,1.4378768256346317
안산시 상록구,부곡동,0.9116714771543825,0.9506765803545593,0.7825165212337652,2.8944328921651583,4.896306010919923,0.0,1.336219634576047,1.8192588562483738
안산시 상록구,사동,0.9582956440788915,1.0073687094153043,0.8616270565774857,2.816537369678392,2.7258250742786094,0.0,1.468889427677492,1.128126257158067
안산시 상록구,사이동,1.1006292735119407,1.1893208143128857,0.8447153908394393,2.9009129817700274,2.627899956117895,0.0,1.4898964871643432,1.1091670283065895
안산시 상록구,성포동,0.8533994666669245,0.8730659938593406,0.8070073567001583,2.6700008822777583,6.823838933593151,0.0,1.2150786806677467,2.518972147274271
안산시 상록구,안산동,0.9109224822112749,0.9954581586566795,0.7541504111175659,3.6052027771684165,5.117710852542543,0.0,1.3185565303434372,1.999038544968564
안산시 상록구,월피동,0.9048570613919849,1.0212142747937278,0.8542293643287407,3.2207036398177973,5.508110905061688,0.0,1.31695582047886,2.0604343276524717
안산시 상록구,이동,0.9632433873257689,0.9194705516096826,0.9378767516927304,2.6794365540796514,4.832123163598253,0.0,1.3597205635776626,1.7543915882957468
안산시 상록구,일동,0.9408073521332652,0.8192175389644517,0.8136531163726439,2.715551375818034,4.514499480735078,0.0,1.3515918574134531,1.6705892457537994
안산시 상록구,해양동,1.096764738493708,1.1404820372530535,0.8311511912509251,2.8482243939259253,3.1746733720216387,0.0,1.4652751398976251,1.2336986129643714
안성시,고삼면,2.0623365327889553,5.914550267344474,3.26161049426305,6.358194309687807,0.14601253558588126,0.0,1.3349772873514945,2.751506352213537
안성시,공도읍,1.5096220343581026,2.2146507107841122,1.3671885187198638,11.506513893919134,1.6409104050194607,0.0,1.163740994884879,4.211946472179996
안성시,금광면,3.490985676127677,4.296752155184339,2.955125087543899,3.1683416145374808,0.15220717034008563,0.0,1.4207110411404724,1.8154956260685111
안성시,대덕면,1.203758636466504,2.2366107747256545,2.6526359502303114,6.420408586864668,0.38060796019827214,0.0,1.301733986779829,2.330027844290382
안성시,미양면,1.193924239436348,1.4893395696365346,2.2860431223050597,7.542459548177742,0.6889467120834769,0.0,1.2410833107035502,2.7272618532234585
안성시,보개면,2.040393262802027,4.481643681586482,4.568365873763565,4.174868206093674,0.1424580673858401,0.0,1.3844955140404318,2.1448434779499816
안성시,삼죽면,2.4007703985028486,4.989382339131292,4.312036415228272,3.0839303685852943,0.13049508479993072,0.0,1.3864187600203932,2.0830130234272164
안성시,서운면,1.280471366458526,2.9173332732890036,3.6289899650776687,3.6923643362305265,0.35758352747299865,0.0,1.4159456762383225,1.6475391917051252
안성시,안성1동,1.32207945240883,1.8375054884228432,2.719906064822773,4.083246908159417,0.6156042630108076,0.0,1.4461282566163536,1.478097621035767
안성시,안성2동,1.2028141244049753,1.7554257759664318,2.761127262295897,5.33656837966884,0.6427946768210222,0.0,1.3767406930182677,1.9096703472266094
안성시,안성3동,1.3913353845704894,2.27200440187497,2.8311568796680944,5.712307295376605,0.4482862746519335,0.0,1.3634232505408523,2.06168852344351
안성시,양성면,2.404866895463165,5.673724861825835,5.012786988620894,12.013154569394805,0.31680773473866874,0.0,1.286828191295377,4.467916554825236
안성시,원곡면,1.1303715907077572,1.7751498121855411,1.5289306141374748,11.436873903125786,0.5320601334635048,0.0,1.0088007653480608,4.3129228898563206
안성시,일죽면,1.369742795284428,3.487714981712306,5.040989308350953,3.5463647909612845,0.11952023743267252,0.0,1.3410476081642777,2.067739266036608
안성시,죽산면,1.6027279383763937,8.304601932512275,7.771823750615687,5.489472693231072,0.046694756530521464,0.0,1.2720829888832759,3.80125496704082
안양시 동안구,갈산동,0.7799132383617678,0.6287389885208186,0.7889669168054954,4.119211875435112,10.347605761616402,0.0,1.052725467906505,3.9845448616763375
안양시 동안구,관양동,0.8007175749237863,0.8283125868925653,0.7298726253156671,4.53892828065551,7.289995761201868,0.0,1.1874816347787513,2.9002345033678005
안양시 동안구,귀인동,0.8096234157820814,0.6007919799343856,0.739167868558999,4.134674706369646,11.011814305484787,0.0,1.0243247383364842,4.244040058220475
안양시 동안구,달안동,0.6161545966097449,0.5969340572500996,0.5607957167434876,3.4788784766465985,12.778156206756504,0.0,0.8976357199630176,4.9446671563561395
안양시 동안구,범계동,0.7183460174854972,0.5847114458174797,0.6533215237296403,3.6815435974741115,10.911256089606226,0.0,0.9908736077951215,4.20114566289232
안양시 동안구,부림동,0.7304589370239553,0.6042239645353197,0.5794664347040477,3.729580419348143,12.55518061096232,0.0,0.9328103799265606,4.849262048259515
안양시 동안구,부흥동,0.6869143374674961,0.5497037957057693,0.5539996787822442,3.231745219451727,12.441480479358626,0.0,0.8993818030451133,4.805925159656157
안양시 동안구,비산1동,0.7635968147471475,0.6939847648225096,0.7297291564571238,3.602433330328938,7.346808128113463,0.0,1.1610999605151369,2.8209507109787677
안양시 동안구,비산2동,0.6592648768939005,0.5784942149747974,0.6129038863480891,3.1170089137691823,8.983325808116867,0.0,1.0317925126548693,3.4386751687381527
안양시 동안구,비산3동,0.8539304394229055,0.934959247681734,0.8340428258503291,4.465611249362609,6.746170033396877,0.0,1.2385316904432742,2.6777446881258706
안양시 동안구,인덕원동,0.7790936339698542,0.7003824564263651,0.659682512657863,4.617679811023494,8.423953260800342,0.0,1.1194337376913739,3.3289413599885176
안양시 동안구,평안동,0.7048850400973848,0.6657876117833801,0.6791380797987765,4.289296011042927,14.196508037095464,0.0,0.9219607938642734,5.496453758233737
안양시 동안구,평촌동,0.8329230623643654,0.706865453912036,0.7459361600738745,4.927110586505745,8.221377087293966,0.0,1.1452083111872533,3.2837422295569207
안양시 만안구,박달2동,0.8521297202630959,0.84829841603903,0.7502902854634492,3.4484048888947196,5.885893796070933,0.0,1.2610234631734034,2.2537143325626774
안양시 만안구,석수1동,1.110421041223037,0.8192629484929331,1.2842956232958724,4.328294660319123,5.987915521055713,0.0,1.323872423313736,2.3508255099322235
안양시 만안구,석수2동,0.8919745224832138,0.7185692543745454,0.8970133545013693,3.4169096505971597,6.786571296108972,0.0,1.2241318486808233,2.565969600784678
안양시 만안구,안양1동,0.7111963360824931,0.6434346524540632,0.6616155810038584,3.043514708062646,6.444162426464755,0.0,1.1740180311793869,2.4532038079274128
안양시 만안구,안양2동,0.7732074672821482,0.6968079256071957,0.7850239985026142,3.3270733581869614,6.511791691920317,0.0,1.206149453130364,2.4817499664783185
안양시 만안구,안양3동,0.7651251699230537,0.706044950465817,0.660917352355008,2.9944093358379185,5.995161771139184,0.0,1.213311606979203,2.272178018982688
안양시 만안구,안양4동,0.6487362433564487,0.59028923326424,0.6210028410141769,3.00318007433553,6.1754925114869055,0.0,1.1641429108125112,2.366513187506811
안양시 만안구,안양6동,0.7016886516671701,0.6059028369794117,0.6410280279215226,2.918395217528452,7.192178501389038,0.0,1.1233503633759474,2.7304764225579574
안양시 만안구,안양7동,0.6673911808058678,0.5566263244504176,0.623569877688734,3.0773447654644945,9.493011090624611,0.0,1.0085140799731698,3.635525062781661
안양시 만안구,안양8동,0.7303183150717121,0.5753269232640165,0.6474937177720337,2.956097488115829,7.83398367252209,0.0,1.0931643731397798,2.9775319782597793
안양시 만안구,안양9동,0.8357058254056098,0.8106427736344084,0.6950721623567544,3.0896047060367113,6.043072766336156,0.0,1.238849684900924,2.2786210111839353
양주시,광적면,1.5950717967828087,4.418049194690032,1.9581401468249462,4.617259515561608,0.5541423041992248,0.0,1.4070838978391584,1.9357489376135815
양주시,남면,0.9957976070450776,3.3755734006737494,1.3388332996063588,2.5746200906534114,0.24694219137993662,0.0,1.3722644401314663,1.3218465969643862
양주시,백석읍,2.243779341022905,5.497853794256798,2.0313150873751447,6.31093034175492,0.7024689306020986,0.0,1.3907345358063028,2.5590979034867694
양주시,양주1동,1.4396501725108701,2.1330694879273784,1.4968336127579656,5.538457907251289,1.0367203198675305,0.0,1.4018500968605614,1.8980217060631897
양주시,양주2동,1.4438586396346977,2.391853527931453,1.0663570217422147,6.745067369505838,1.2389172700340796,0.0,1.328057188646919,2.379016364353554
양주시,옥정1동,1.193933317062021,2.2276905576866346,1.1042881077843605,4.5426604616449495,0.8266842117346335,0.0,1.4003648495271086,1.5879139997315592
양주시,옥정2동,1.288487822150776,1.9953745814791295,0.9388307988060236,4.813838311811292,0.9917849601425271,0.0,1.3877570426447445,1.668449100494523
양주시,은현면,0.9076181150023677,2.216464582623708,0.9199169158538874,3.0495306333895886,0.5236736579460886,0.0,1.4185337326020007,1.1389736593557878
양주시,장흥면,5.023446802112985,6.9761534720458425,3.713729332901027,12.146034656004865,1.3207773185928664,0.0,1.412281757927817,4.360061637175087
양주시,회천1동,1.1236580862135561,2.3762516259352546,0.9974123152579781,3.7725763097900464,0.7202768559977378,0.0,1.422192148786876,1.355330196386688
양주시,회천2동,1.205638007276259,1.8222434724145482,0.7795887320879065,3.9054087144353766,1.1092938706504627,0.0,1.4336340204483866,1.333630696795224
양주시,회천3동,1.318233165048504,1.8011518579780426,0.8022451219911304,4.000849431887503,1.0316781712865741,0.0,1.4297152081304314,1.3662954627641961
양평군,강상면,3.146493059880929,4.955318658023587,2.195632810430344,6.973581665987026,0.08487422163944734,0.0,1.321391417855562,2.746266678999035
양평군,강하면,3.44626962707695,3.834381550469745,2.168679871124607,9.485977968548248,0.5011516243945809,0.0,1.316038760528518,3.4221248523521304
양평군,개군면,3.139073953537526,4.193790235112772,2.6879349246371715,4.194007201374296,0.07280893432157429,0.0,1.393759671913199,1.9099212170447664
양평군,단월면,3.5751448207018792,14.429120847385185,1.2074635687773254,2.328209925655058,0.0,0.0,0.9684699456147897,5.486921822985525
양평군,서종면,6.778499459555005,14.864275064455565,5.336687665654645,20.43900095187588,1.6880750848374857,0.0,1.3569624567211047,7.925511188503053
양평군,양동면,1.2611243393674767,7.033481676118627,1.345830482850774,1.733761481197519,0.0,0.0,1.0803533302020372,2.619749009744587
양평군,양서면,3.797341401322292,6.144355068609129,2.860272929756444,15.60980980390412,0.1682382396442332,0.0,1.1895769547512074,5.79503745521566
양평군,양평읍,4.813446685825795,5.098196016063612,3.7046454850289687,10.262158521741789,0.5507258785523164,0.0,1.3829291938396577,3.715814511551107
양평군,옥천면,8.35664880543176,11.856953999797254,4.077946501359815,15.577021123264077,0.22898580333803742,0.0,1.31639252424991,6.352599530990111
양평군,용문면,8.08450795523781,11.854546635118297,7.3761334621631685,10.182777532999127,0.07526603035520218,0.0,1.3804137063539246,5.073464770864274
양평군,지평면,3.791753566056509,8.082879415844365,3.8452044336781217,3.6042196929169763,0.0,0.0,1.3185925908727776,3.008315175187011
양평군,청운면,0.4622459200878791,10.258865729142302,0.10961660092946354,1.0,0.0,0.0,0.5025148466342679,4.0778014824221165
여주시,가남읍,1.301910108186509,4.595265814942561,1.6778709017988107,9.995255242117548,6.025458735041306,0.0,1.3788995883132955,3.716036803390484
여주시,강천면,3.572722190642744,6.029283662133864,2.5517025041186656,9.601044083110587,7.429246778005366,0.0,1.5100279107858054,3.4942975769397058
여주시,금사면,1.6454267901691222,4.390761263654455,2.272554959976775,3.8112311323888752,0.22231346946085911,0.0,1.3830888233400733,1.807592243895293
여주시,대신면,2.078199433948018,3.661912324027857,2.824840066784285,3.5079674722262526,0.043239492082843826,0.0,1.3825053019111888,1.6461505175360973
여주시,북내면,2.088308607123377,3.5010483805447903,2.803348592555581,7.035264803441682,5.189348865471311,0.0,1.5184344032210029,2.451766149732088
여주시,산북면,1.8603346688443816,3.4574182962134166,1.9890790377466365,5.925832829747505,0.6057153213952411,0.0,1.395225104000624,2.1418036014533066
여주시,세종대왕면,1.6854666270085916,2.004171431641271,2.7765008291049575,5.5729601064807905,6.291888726803096,0.0,1.4763216232221688,2.41694107056586
여주시,여흥동,3.1675708573071955,3.9985256135295186,4.71593325224198,13.724966157505099,42.078555175045146,0.0,1.115083482690655,15.771401988098596
여주시,오학동,3.6789053698814653,3.6100003078979666,3.7213648638973456,8.072245766553873,6.7997645140795075,0.0,1.5454666554233758,2.8342268479749566
여주시,점동면,1.15753850464971,6.229035033986726,1.6008783554320898,7.693054148970945,11.6132186910928,0.0,1.3460671111518219,4.546010081473127
여주시,중앙동,1.8880678088905443,3.2990611125091203,3.23366119368288,9.947111988614587,11.852196820850835,0.0,1.387039191787993,4.735308062133904
여주시,흥천면,1.525286982076219,1.813723374545173,1.9011540362907646,3.2579979438279656,0.25034274344027324,0.0,1.4320046432868314,1.195963608277788
연천군,군남면,2.2460919380519853,5.121999457789114,2.4195414292736324,1.745443773956126,0.07999670849867971,0.0,1.324732825476917,1.8820051187316718
연천군,미산면,1.612848592533024,6.7481573631857845,2.8930272949410307,1.636184983645873,0.0,0.0,1.1962223774521112,2.509687719859389
연천군,백학면,1.3656117278460636,5.572804988321991,3.2610699446285394,1.7565808146050887,0.0,0.0,1.239742874467497,2.1361934646329415
연천군,신서면,3.5272226265696527,4.25896824580411,1.6074388937732442,1.553464764161682,0.08479612825192542,0.0,1.3261360491712049,1.7493224029027092
연천군,연천읍,5.5859386371557385,5.582307551561129,5.049688278714951,5.157174817460288,0.6638429366194837,0.0,1.4786940119252268,2.6057164136750535
연천군,왕징면,0.6476840544708975,4.093866908522704,1.6782228843259626,0.45400436464412386,0.0,0.0,1.0549314719764582,1.5701584905454558
연천군,장남면,1.4686092283057488,5.128098686912467,4.578433633642559,1.5208849312456214,0.0,0.0,1.237682837870946,2.230000298475785
연천군,전곡읍,2.515416875510607,5.55802775622632,2.6408405836421953,3.22148735070828,0.08030045619847312,0.0,1.3570836191817657,2.0897724918195375
연천군,중면,2.261055160258984,2.7851389242631606,2.171570772187614,0.6578327211281872,0.0698812645442141,0.0,1.3275323623341975,1.2248219319392106
연천군,청산면,1.9387509650619401,4.52936650668866,1.5353418886967187,3.340305654911842,0.10284425235032255,0.0,1.3388096861670586,1.786725076343338
오산시,남촌동,1.4512913536307934,1.077260635534821,1.1148144776837126,4.919492206505008,1.5131814764950733,0.0,1.3964661153474747,1.6780686889054752
오산시,대원1동,1.3252386132432679,1.2365480214995959,0.9400753668815001,5.097066231844955,1.421972599902969,0.0,1.3686647355882728,1.7569707689599312
오산시,대원2동,1.414288885824392,1.3457026130861003,1.0117371211690709,5.556512239022262,1.546665690793835,0.0,1.3652670850126034,1.9178709474018498
오산시,세마동,1.4840357953574368,1.1299149059083409,1.4001413839459942,6.030693589657856,2.031733962381135,0.0,1.375734222195273,2.079885548435314
오산시,신장1동,1.4775434636745364,1.1951403337544113,1.303391074656237,5.017111242330625,1.8756827725097311,0.0,1.4284123533950868,1.6918153562798328
오산시,신장2동,1.4842634366020264,1.3219969524114015,1.2081730686169385,5.01329316379271,1.9323191654522311,0.0,1.4327257244485516,1.6886046201950784
오산시,중앙동,1.4547249801053832,1.231831648415985,0.9792578220491817,5.169182781717659,1.6087430203094808,0.0,1.3848582802069798,1.7732719016217224
오산시,초평동,1.4495996145408279,1.122878230802592,1.0076058060946682,5.09101254832223,1.532009869565589,0.0,1.3803302322791824,1.7488490379750459
용인시 기흥구,구갈동,0.9777397218350113,1.0840746034177167,1.153269332557242,5.731545568352407,2.907507503473683,0.0,1.3473038627769374,2.0661725200743075
용인시 기흥구,구성동,0.9065478204172958,1.105827213199719,1.1452095340838404,5.87982839890713,2.553197054543851,0.0,1.3297123567535576,2.100333850096291
용인시 기흥구,기흥동,1.3659188527187935,1.5091870385082813,1.1308840426759872,6.602709253531995,6.20790248782461,0.0,1.3367405936612116,2.8433461278929157
용인시 기흥구,동백1동,1.0084240496923895,1.3316920943360626,1.103994511558458,6.286565082777962,2.6804308316640877,0.0,1.3342246955629242,2.23795184849461
용인시 기흥구,동백2동,1.0513677686008398,1.4140030068791,1.248082590375941,5.8213878259040825,2.567928010681614,0.0,1.3783582917134425,2.0362938033143188
용인시 기흥구,동백3동,0.9675806024568067,1.1131424404869041,1.1535942221562925,5.809079078119263,2.8184203708683553,0.0,1.3442177768500627,2.0854026840935758
용인시 기흥구,마북동,0.8915613672408442,1.0478959623935773,1.1352353119615406,5.892818115513088,2.460406053380775,0.0,1.3196574531437815,2.1068657456927595
용인시 기흥구,보라동,1.1869543659045476,1.5179521419832545,1.3764354243656973,6.3397700119413996,4.2840656364802205,0.0,1.3813000829659035,2.3712081907046443
용인시 기흥구,보정동,0.9124255040394278,0.9182172622342549,1.122620741599199,6.012585147571903,2.5881369659124447,0.0,1.3032912734739268,2.16962929515275
용인시 기흥구,상갈동,1.111082909317731,1.0867362921174446,1.2146843297965797,5.557408641872898,3.0068191717317934,0.0,1.373688844725686,1.9954796790527645
용인시 기흥구,상하동,1.046556599888246,1.2790525269812405,1.2407379701626775,5.781776773464562,2.988323869555161,0.0,1.3739189664796045,2.0622828060754586
용인시 기흥구,서농동,1.239117278053687,0.9556185397408807,1.050645913744673,5.607853129084235,3.3588361516785943,0.0,1.3549848198884966,2.070096255473203
용인시 기흥구,신갈동,1.0454656752450795,0.9843134266228504,1.1691804942930155,5.894683837948781,2.804129822908374,0.0,1.3364357670008526,2.118795001663782
용인시 기흥구,영덕1동,1.1029662103520306,0.8723578027670829,1.1714485292448478,5.804671111824678,2.679482258246331,0.0,1.3339148530873626,2.0821748187498783
용인시 기흥구,영덕2동,1.1956429575299896,0.9476441899180222,1.1270922673939965,5.627778581564031,3.189559463235791,0.0,1.357133559344388,2.0538236376931347
용인시 수지구,동천동,0.9712591497872103,0.759496387454258,1.2677453401015435,7.209585965855121,3.569830857262078,0.0,1.2550757495219642,2.6911215803461497
용인시 수지구,상현1동,0.9776459173640806,0.7933449589930711,1.1152549511301233,6.01654372633369,2.7333380573421504,0.0,1.2972781708049705,2.1877997662388315
용인시 수지구,상현2동,0.9427467434740633,0.8199758619666849,1.1312920283766705,5.939940625186514,2.6095782282235493,0.0,1.3007575190219198,2.1497908520482145
용인시 수지구,상현3동,0.976614733240128,0.7535782357577983,1.2199048589501387,6.261579923242527,3.0744109560527337,0.0,1.2920082324884834,2.3026599517784643
용인시 수지구,성복동,1.0004569777367291,0.7267380121541605,1.191387118258815,6.626278128257521,4.044195280470688,0.0,1.2729992207986813,2.5469382099940563
용인시 수지구,신봉동,0.9630031022794092,0.7326305115726703,1.161320056147671,6.826251263892917,4.072457463690705,0.0,1.2591111787132543,2.6252248726392726
용인시 수지구,죽전2동,0.8592692379702713,0.8167585491809376,1.0604570323876295,5.99685285434542,2.333721649373982,0.0,1.2757495479203838,2.1691107771556517
용인시 수지구,죽전3동,0.8697114286814993,0.9600288779892883,1.1166790545430014,6.1302676632946955,2.425645353507872,0.0,1.2925514699775948,2.2062798632771563
용인시 수지구,풍덕천1동,0.8946906677945943,0.795932667146854,1.1385196565710043,6.043637287635526,2.559931610164841,0.0,1.2866813654386833,2.1920093612611544
용인시 수지구,풍덕천2동,0.9567612689825437,0.8141135391872563,1.0965844538101281,6.203207792853371,2.532707136158036,0.0,1.282129845003764,2.246568377222758
용인시 처인구,남사읍,1.914666891516719,3.338460327224602,1.5138804254792357,6.186902629074047,2.0629754071009336,0.0,1.4662342224991733,2.1001074426565554
용인시 처인구,동부동,1.7386396679091978,5.128361879414424,1.539979765676802,7.2493015587145635,2.668356009824807,0.0,1.4353984941653735,2.660887057641818
용인시 처인구,모현읍,1.3179988296359484,2.5695672750498346,1.7169036513793814,7.272074886279549,1.4980487274056942,0.0,1.3610430252399477,2.5288978796217174
용인시 처인구,백암면,2.8856473974916854,6.476873946804265,2.842138077103988,6.841436237343136,6.097511442294279,0.0,1.541996318900378,2.719289310760646
용인시 처인구,삼가동,1.275225628279229,1.708319812010407,1.3094846337866857,5.866769419026287,3.218671987277652,0.0,1.4185822649378144,2.0594929752280025
용인시 처인구,양지면,2.782449428013307,9.434700039743813,2.4978056220391354,14.77139669277404,4.386210797580736,0.0,1.380199578094997,5.462646709729978
용인시 처인구,역북동,1.2368226705503504,1.8573545806781608,1.1685377579305405,5.7895218909421455,2.856327204052817,0.0,1.4145120527810109,2.01247647434354
용인시 처인구,원삼면,2.7242989142573384,16.411422616454278,4.395228645415902,8.79634206312174,4.659599068299609,0.0,1.4083418713515885,5.781991135440793
용인시 처인구,유림동,1.3318220765720303,2.5445486609643497,1.2460788640407015,6.636672052391438,2.8709023377583143,0.0,1.4103079140113082,2.2985105161644
용인시 처인구,이동읍,2.047419063605878,8.490281645182977,1.8148882189682891,9.073642050830683,2.3905124862826095,0.0,1.3732065317184947,3.8229991268374297
용인시 처인구,중앙동,1.3776379695205887,2.6214338575970135,1.3117922878280306,6.517174171549703,3.2582374776319303,0.0,1.428621147572311,2.2648466654045296
용인시 처인구,포곡읍,1.71495348104846,2.9007013625587956,1.513232864582779,8.38591994798377,2.5715847970087613,0.0,1.3808057847852502,2.895660250703931
의왕시,고천동,0.9918100678419246,0.7593545990334111,1.0938775445164592,5.301358091063914,4.672658927854827,0.0,1.3084553320630707,2.24975408319184
의왕시,내손1동,0.8718047023933724,0.6504933153545649,0.8852868306177852,4.652818777081537,7.494417788495929,0.0,1.1841676677068682,2.98244197240533
의왕시,내손2동,0.8617951267084556,0.6932881044045898,0.8255306714165316,4.9923659955272335,7.127090533228308,0.0,1.1925212232104627,2.918286166308386
의왕시,부곡동,0.9988732817069306,0.9315874889746527,1.015936326328426,4.890763837193585,4.325159041448886,0.0,1.3434445219394784,2.0430677985981824
의왕시,오전동,0.9355409335365116,0.7067369839721066,1.0289277769887235,5.120302912001058,5.5085137804060995,0.0,1.2732267459461493,2.429521205394412
의왕시,청계동,1.0972631549004879,0.8834277996964995,1.0250513863670685,6.798084414947294,5.1281795068807705,0.0,1.2683017164591155,2.770795423048617
의정부시,녹양동,1.4737245388074665,2.1956803923191988,1.462277678033435,5.9221454468340955,1.2950563725913762,0.0,1.4023237518653349,2.0230810993330577
의정부시,송산1동,1.233794056427667,1.8290005303241241,1.286161819414757,6.324817787854309,1.698166006556976,0.0,1.3634325712154647,2.186228413818071
의정부시,송산2동,1.2464192215079737,1.8540619045554716,1.2572374476517594,6.288773192475695,1.6464286570761626,0.0,1.3627115471616855,2.174634034585719
의정부시,송산3동,1.4591179237992757,1.8912650776905247,1.1156890057264834,5.824124644248114,1.4598411824029074,0.0,1.383596437905965,1.9995834549809899
의정부시,신곡1동,1.2217704705959325,1.7504866818920843,1.3922261439989572,5.866348701293026,1.8478030654159996,0.0,1.3986837329340058,2.0004035974979884
의정부시,신곡2동,1.2199916838437537,1.6757035750173963,1.1946155674155587,5.519069738435903,1.595725732210334,0.0,1.3906293646265073,1.8870190991695008
의정부시,의정부1동,1.3185623875837358,1.7400914063142352,1.3106799359949997,5.6586194117726,1.7234612269828697,0.0,1.4063405233421031,1.9213923287287882
의정부시,의정부2동,1.390899635198679,1.8264925189468293,1.2929629025759373,5.745797566857075,1.7581743624166843,0.0,1.4098968289908933,1.948869128390105
의정부시,자금동,1.392015191160087,1.983667269425034,1.1521554365975928,6.0427118343223505,1.620527578324444,0.0,1.3822988816325743,2.077026041917602
의정부시,장암동,1.2238462117957671,1.840050039418156,1.700210334575402,6.619433971195399,1.8225209513758025,0.0,1.3784730940500483,2.2735923485212766
의정부시,호원1동,1.1572015412872547,1.8424694787022189,1.7479208141428737,6.234649649821162,1.592796666161087,0.0,1.3847913034304642,2.1373642532753654
의정부시,호원2동,1.343536744787481,1.856505872094735,1.4990397324780749,5.841479138933092,1.60581247291633,0.0,1.408401816235831,1.9804681593890665
의정부시,흥선동,1.5926899971358668,2.3544666919866084,1.551795122948358,6.156985938102816,1.361502337632292,0.0,1.4101239506236962,2.098004590955978
이천시,관고동,2.0458662475850664,2.498625687638145,2.7764903532202787,7.789324703916744,4.534004456182632,0.0,1.479589150156388,2.6477113922013675
이천시,대월면,1.1404571626027322,3.08377652902458,1.598042472392322,5.00652237917339,6.105399485118865,0.0,1.4426872429480224,2.3626560771007066
이천시,마장면,2.1146415451915885,6.224136302267159,1.9753603714360262,12.198673543262178,8.301223422187057,0.0,1.4032310237675016,4.616942335226708
이천시,모가면,2.1956597560198414,6.473274491730068,1.9756952196767903,5.739796349010263,7.825124646556578,0.0,1.48118254372591,3.06990851989965
이천시,백사면,1.6075858660704472,2.000182362279171,1.6062848607587674,4.845183302995821,0.4529990412458218,0.0,1.3824371754704827,1.6987273622549
이천시,부발읍,1.572562943526777,1.9137157635117237,1.7649181363205204,7.170912039880144,7.838168307801506,0.0,1.3688810690049273,3.277069469051114
이천시,설성면,1.4377845929702078,3.9169157375091004,1.6440256317325135,3.223269616198847,6.489560450006468,0.0,1.4639572986029055,2.2834236610625025
이천시,신둔면,1.4292607903153018,3.4910829977750986,1.9708761222523128,9.589556480064601,4.733067085982342,0.0,1.3930489437190947,3.3903330596855263
이천시,율면,0.5709570690753547,2.8541530095090977,2.46429386219804,1.1783343935605128,0.0,0.0,1.235465286889172,1.2335242220246758
이천시,장호원읍,0.8943590765749838,2.454600813371666,1.7143508523976894,2.297037663071369,0.0,0.0,1.3251271258329371,1.0964673036643062
이천시,중리동,1.3448275245213503,2.6607962774335325,1.5209199651872218,6.725055790135893,9.752437890955617,0.0,1.333897454028843,3.7640865638663357
이천시,증포동,1.5918029709580084,1.8028911514214407,1.539454250046882,5.032812850659422,4.387362058611981,0.0,1.4736512347906652,1.9178750811288094
이천시,창전동,1.766720984132955,1.8976668524368903,1.5818149000334567,5.627373419222679,4.773792955351446,0.0,1.4637760084744178,2.1388930934611996
이천시,호법면,1.3400262675862995,5.550241860878679,1.6790643394073919,7.991235685376215,37.58088795395285,0.0,0.968591855844406,14.304220037830746
파주시,광탄면,3.278645020156556,8.712926824374872,3.2123145446154187,10.097914902945206,0.25147134259947446,0.0,1.3033899981010464,4.247032012628321
파주시,교하동,1.5578737821901651,1.8239235660097444,3.282650628999222,12.90161107994942,14.757784257840786,0.0,1.251502224289347,6.394041878528387
파주시,금촌1동,1.0502967127705924,1.6707919446442316,2.4056785194850026,8.600604272206676,6.74194082877445,0.0,1.3386571660753046,3.443079837698141
파주시,금촌2동,1.0591144207406917,1.5441022615258102,2.152391565278099,8.650327195950762,6.681524833958569,0.0,1.3206359617019847,3.474440652478588
파주시,금촌3동,1.4233797483888933,2.1086323254581583,3.6173406647549418,10.055119556159058,11.907988298197752,0.0,1.3296623736555986,4.923559985340231
파주시,문산읍,2.7918059475564214,6.336468976794825,8.112121041193932,12.684476844310684,8.261767783981435,0.0,1.5156606318849037,4.469176667339963
파주시,법원읍,1.6440543326847457,9.10823496783009,3.2322582881615656,4.405656390521904,0.23164493261597702,0.0,1.2636293450663065,3.3993610373075924
파주시,운정1동,1.2084598147968666,1.3380215162824456,1.8064352520008908,8.613033355847428,6.578029426822672,0.0,1.3033965366851628,3.4729673626249835
파주시,운정2동,1.2669219143822348,1.2924570578517294,1.958433258375827,9.260041371842854,8.199768217045333,0.0,1.2785913020549868,3.9898099894374517
파주시,운정3동,1.163355777933539,1.1089084960326085,1.4366536110834083,8.252887448301067,8.02608249247239,0.0,1.2468017661596456,3.7573729236674605
파주시,운정4동,1.113144500013628,1.3687240926897213,1.6066750607736222,8.07264485389929,5.759172688455683,0.0,1.3093257414289439,3.1782492612084137
파주시,운정5동,1.5624452343864235,1.9061721152624838,3.3637382656137373,13.22537127960526,14.98607504296075,0.0,1.2530202454110375,6.514665670573025
파주시,월롱면,1.3258221802498031,2.265495449958789,3.5917863202673264,8.922492645620693,7.610867908102818,0.0,1.4039481386521535,3.566013842386817
파주시,장단면,0.8420249773459916,2.769983262083339,6.524650005610362,4.069637518388141,0.5231833096520334,0.0,1.312479212172408,2.5151122854826538
파주시,적성면,3.0912308037674254,7.393359039135186,3.692217131992349,2.290079077690434,0.0,0.0,1.2831474152831281,2.7532286229360103
파주시,조리읍,1.3972067609194063,2.2280584019089913,2.0950212297492135,8.569220305570418,5.72352190843216,0.0,1.387678223647969,3.1856626398677723
파주시,탄현면,2.9286608330662856,5.2532086183609525,15.033603559915228,22.02720604170555,49.00662104292297,0.0,1.2413837258817972,18.267680613649514
파주시,파주읍,1.2784490104560748,3.8765925716085685,4.630126579617421,7.715780165487004,5.873191278412891,0.0,1.4905632644197273,2.8659976606157684
파주시,파평면,2.3876461244862606,7.245796967850607,3.711785272322793,4.107172721560413,0.2505193864868633,0.0,1.3626034120441652,2.708474594311628
평택시,고덕동,1.248403543374872,0.6599092759992747,0.7817033560860134,9.17159160269244,0.6598411977333859,0.0,0.9412770434737203,3.493634802134561
평택시,고덕면,1.2253466502277786,0.7255953488262508,0.8345690281098285,9.189436563657122,0.6559359861324467,0.0,0.9549869775402685,3.493153156460017
평택시,동삭동,0.9141308876933678,0.8050732846963878,0.7708487359413697,13.274156039386659,0.7057341138025016,0.0,0.7601607828868754,5.168547723226565
평택시,비전1동,1.0260820137952553,0.7995770602522704,0.9230914542993314,15.43121804345371,0.8617970025467934,0.0,0.7477107819710878,6.016277541594296
평택시,비전2동,0.8331809678900945,0.6486727127170789,0.8537106046802017,16.498416623461193,1.0793899695815186,0.0,0.6932351652455622,6.467089491284846
평택시,서정동,1.032028084090323,0.5809868404807474,0.6161442460590059,7.748375517722763,0.37060146582223746,0.0,0.8954395543198532,2.9701720390017394
평택시,서탄면,1.2422372960425112,1.191895928185533,0.8967605034351438,5.389823081891357,0.4583940066914294,0.0,1.2252614186379769,1.948619382732178
평택시,세교동,0.8746700910135405,0.6951763842234276,0.5622732534467179,11.502733079296414,0.6485169333045109,0.0,0.7602495369896695,4.4787379880970715
평택시,송북동,1.1151754942197691,0.9004114578311161,0.8456406074198645,7.919659084609986,0.40448379976423354,0.0,0.9924145459209739,2.9933922912395916
평택시,송탄동,1.1017862518990107,1.1188029434086721,0.9096278070362924,11.026536075929464,0.5091351675230744,0.0,0.8943204692584481,4.225843012495168
평택시,신장1동,1.047239861055899,0.7462553732558478,0.7237150583754751,7.066517195607787,0.3938043146439159,0.0,0.9927424892354089,2.671189330442907
평택시,신장2동,0.8948261402513984,0.5910517385646435,0.6721394432139511,7.308314996272478,0.3348722779961185,0.0,0.9058682298924229,2.7969566680336277
평택시,신평동,0.803566057346488,0.6398500237840843,0.7669131932796036,17.736596814266623,1.2384885193108452,0.0,0.664696666272384,6.970801541473938
평택시,안중읍,1.5507543571917706,2.0400125075864195,1.2979497140671403,6.41973969234985,1.430391826686784,0.0,1.373276162304249,2.211961433642305
평택시,오성면,1.3639810041012679,0.7714899066807355,1.03221052349845,9.199067571226621,0.5438755814998774,0.0,0.9827281715034087,3.4830744956389887
평택시,용이동,1.0530793536782597,1.005961889962443,1.1246776527530113,14.410044417657716,0.9545279567370725,0.0,0.8396958872485221,5.560692178135051
평택시,원평동,0.8530726309071542,0.7261065359624653,0.6133329722154515,12.813690958762667,0.7268124836358317,0.0,0.7356909786958861,5.001908504597442
평택시,중앙동,1.1950910988967198,0.7100539671948907,0.6428934085029715,9.59841342211681,0.5243746401664764,0.0,0.8776043426385342,3.687599022929013
평택시,지산동,0.9950610638948111,0.5863079767958831,0.690755596823674,7.988905406245881,0.3432241467407545,0.0,0.8844121264314435,3.066260201215853
평택시,진위면,1.3907230050470483,1.594631878277167,1.3153900956637923,6.382869762606968,0.4095021633404428,0.0,1.2317945581431875,2.306789560905406
평택시,청북읍,1.5507252785634131,1.2295291942076048,0.9380178859729321,4.949651654346549,0.8286015286006505,0.0,1.3416829117446918,1.729238806448219
평택시,통복동,0.8160098624593157,0.6273013272568913,0.5823230539743514,12.895746066838987,0.7234747800276053,0.0,0.7069404871759686,5.048337939698034
평택시,팽성읍,1.362833291627369,0.9631245546759843,1.0554686618884381,15.85723895080495,0.6698669227684474,0.0,0.7811533106068209,6.160217682668836
평택시,포승읍,2.0555441186172354,4.453032820698257,3.172654633629748,10.270575273008658,0.30458692771709917,0.0,1.263040376990215,3.7765347926238833
평택시,현덕면,2.8211755216442835,1.0653505101487133,2.3942892724640643,9.04323984158171,0.4451884911801902,0.0,1.1957192231850848,3.3274663924596375
포천시,가산면,1.6995873037425326,6.606093293836722,2.2810774171729307,6.87608375858146,0.6495520200088756,0.0,1.3378880169754734,2.9919344017071485
포천시,관인면,6.70939392431137,8.364264639417504,1.7655092830963346,3.1566908746582296,0.06219388412532127,0.0,1.2538772123529995,3.4930855258440903
포천시,군내면,1.5705942644117874,9.038076719110329,2.863225015579438,6.5870436559842735,0.26419559670111054,0.030598690230738843,1.26534079446829,3.6541972242622474
포천시,내촌면,2.530673321512135,6.684861003920036,1.6321575839616878,9.17852168803847,0.5472118018229359,0.0,1.2806286952647097,3.6811956799810113
포천시,선단동,1.3757161065479706,3.591514093877656,1.0770065663216302,4.672772899758561,1.0601150790856404,0.0,1.4152336763761246,1.7772666716612675
포천시,소흘읍,2.152655748950339,3.780238012014095,1.2067746225971299,9.53528011080877,1.2116285597699434,0.0,1.2829165655301913,3.4481425520666122
포천시,신북면,3.764431146891848,9.878403273689635,2.706352586707979,5.002196850005532,0.5556102160285478,0.0,1.350557981042468,3.589505497172769
포천시,영북면,7.538112719807995,16.269257924616284,4.3695049446592735,5.107980850498791,0.0,0.045874721757612855,1.2491493702138456,6.025641373716079
포천시,영중면,3.3021219677137,9.004892676006042,1.113019321239193,3.2348392481914026,0.07170789737222395,0.08966768379516488,1.202075217088945,3.3638443373953337
포천시,이동면,5.803264322668226,28.333467681021745,1.297737470975101,13.512308865471548,0.0,0.07044711752080443,1.0302201962569348,11.138103775642978
포천시,일동면,3.1553588169401268,12.037768408472433,0.8710630136221631,7.2322821559764,0.05439415980429719,0.629837676091914,1.204160120263766,4.743053273960774
포천시,창수면,3.6402209937987116,7.5396943499310884,2.06716187436951,2.476473867470068,0.15724373764067806,0.0,1.2922078781019894,2.77473358584433
포천시,포천동,1.5374143316428475,4.908400887535041,1.5628249470866993,4.717839557294156,0.49606982146978595,0.0,1.3613337234314253,2.1101306370057933
포천시,화현면,2.2586085373370577,11.926074127484538,2.1656818414559997,6.036961635943827,0.21626022927576824,0.060141918837259035,1.204539836567431,4.536752049332383
하남시,감북동,0.7618067363450371,0.7580354373088807,0.9446682221054608,5.487291408166142,2.0936642848381837,0.0,1.2700593657448898,1.9860814479742088
하남시,감일동,0.731360349201279,0.7647266063716421,0.9200261508803566,5.069343876199741,1.9787428302302688,0.0,1.289335642376284,1.82490001743484
하남시,덕풍1동,0.9281927292382142,1.0068837032261517,1.092770150599085,6.3640351346746,3.5158173626867946,0.0,1.3002249830521284,2.3733226554551203
하남시,덕풍3동,1.2072158570245008,1.3295863199559859,1.1183501268846388,7.869227109230647,5.574088408070101,0.0,1.286680809025519,3.1223326798947264
하남시,미사1동,1.412655056134542,1.5825636974585007,1.3268796887122878,10.3713668431263,4.66779768028005,0.0,1.2567465490883039,3.8246014166169227
하남시,미사2동,1.5065959653647467,1.4881154113945274,1.244373707855254,9.426766366347358,3.6970004299077637,0.0,1.2725395918727125,3.415252558846881
하남시,미사3동,1.0533213559299455,1.2116582499386577,1.1832874273907072,7.370969046041687,3.652477458321619,0.0,1.294211181182315,2.71088416836306
하남시,신장1동,1.1347913575994324,1.1175910719781967,1.1713569079562716,6.9036679155561025,4.997094217899664,0.0,1.3048802687306313,2.7349721018826574
하남시,신장2동,1.3857613857027657,1.4270979964703445,1.3295740748790932,8.401010689454083,7.312229508352748,0.0,1.287881481440179,3.5794532767633953
하남시,위례동,0.6727109467545668,0.6435527708300691,0.8194281088317981,4.066940983233669,1.9101836646677115,0.0,1.3257436120996031,1.4667884202214534
하남시,천현동,1.2877318270102762,1.321064551709171,1.830511799405123,9.029401960324906,2.621330929345131,0.0,1.2744503270393714,3.2251349407700856
하남시,초이동,0.9131460925211156,0.9722980864957425,1.0589513319952077,6.174621356912688,2.7725537131095854,0.0,1.2969853877391988,2.242558291692359
하남시,춘궁동,0.8816544740681391,0.9138840039535239,1.2618245381972115,6.080070457902799,2.1970451855376734,0.0,1.2981941092528486,2.1719682159507245
화성시,기배동,1.2352226864941138,1.1544556489431217,1.2743822162263305,5.442273026301187,2.5535500635559503,0.0,1.396972136590537,1.8954013907999583
화성시,남양읍,2.806057013860201,3.959530953681461,3.465152455878565,4.117189577039527,0.5312811975111903,0.0,1.480754040508838,1.7829270853936465
화성시,동탄1동,1.5380990054559496,1.025855497513835,1.1823929522587422,5.8564626365422345,3.179698476799157,0.0,1.3811465750297813,2.097271113211735
화성시,동탄2동,1.5155980163497145,1.2283119980835457,1.1301027786257296,5.688575255175863,2.734738805553592,0.0,1.3984397877553953,1.9858279622853634
화성시,동탄4동,1.4384563875961962,1.4872383688660729,1.0071620725375137,5.735618240449615,3.003593766382763,0.0,1.3997091774394292,2.0224118045288764
화성시,동탄5동,1.4938828129198791,1.689740869782463,1.0396367893091856,6.467874862530253,4.130716837740319,0.0,1.3831643278367056,2.385348244912983
화성시,동탄6동,1.445828770626086,1.2301861504482334,1.0383995780125506,5.418713303387899,2.3279522016432415,0.0,1.3962119453527542,1.8746275357871895
화성시,동탄7동,1.5079655506667164,1.280307845895901,0.7801661460880867,5.094340795252036,2.148281073706707,0.0,1.3927781638039582,1.7668834558800168
화성시,동탄8동,1.588650981955226,1.483414001784578,1.0098442195679098,5.674664080423177,1.9543773405951348,0.0,1.3939082593659815,1.9446228521298898
화성시,동탄9동,1.4817824521954932,1.6910386285970385,0.8949292810685608,5.4377770830034695,2.76259129289431,0.0,1.4157882395344852,1.895946377188827
화성시,마도면,3.3903666544231266,4.3756482866830195,2.135897892302273,2.710872156311233,0.26414488658825314,0.0,1.4238898898881138,1.731222515003005
화성시,매송면,1.0591869670914682,1.595407251726239,1.2276850408892717,3.6986848436803847,2.263679039630132,0.0,1.5001845194965882,1.2510868199166096
화성시,반월동,1.2276199617135275,0.8663349401529573,1.0253736527138486,5.375730418486087,2.805948988377236,0.0,1.3551138063373405,1.9388317045814007
화성시,병점1동,1.270339334080258,0.9400179422659851,1.1519943837642819,5.3660333930796655,2.4015260822612756,0.0,1.3738482070858646,1.8836299212586354
화성시,병점2동,1.2267923315992513,0.946248120040885,1.0822109601637677,5.329645749037459,2.6109458911597025,0.0,1.369819317198241,1.8922260686542498
화성시,봉담읍,1.3584397167568254,2.0367053721759327,1.334943898402225,5.789539260495337,1.8758627113059583,0.0,1.4203733742046276,1.959856909222754
화성시,비봉면,1.2816275398357853,2.3127162581256187,1.1140323107115153,3.163393558951842,2.447329385239597,0.0,1.5383062505016414,1.138549312266348
화성시,새솔동,1.165569795389021,1.3227473647648418,0.9230779513739882,2.992791186565244,2.358381708935445,0.0,1.5109985072901817,1.0660159600136252
화성시,서신면,11.71806834706561,17.28257789132392,5.970318651558211,7.831031440720473,0.8124351842479816,0.0,1.3746720441833973,6.581701818171254
화성시,송산면,3.628177018931503,3.7180148964111677,1.8236542201082693,4.6507436630396946,1.0069033986539986,0.0,1.495391587824104,1.8063146617788675
화성시,양감면,1.4686235491349542,1.8005942685388572,0.9958596210002624,4.90180505144749,0.6710206795654,0.0,1.3568294262663962,1.7168558249982393
화성시,우정읍,6.442328043922919,3.87301726879537,2.725693454856327,2.32243777740502,0.06506698391117326,0.0,1.3259888449268402,2.435482836656816
화성시,장안면,3.112261306878997,2.3482390866568403,1.4988839546569956,3.3499056796038165,0.5165761609769052,0.0,1.4717719753320808,1.3713161242193899
화성시,정남면,1.4539372307992107,1.320960771740514,1.2796476189852521,5.192010222476123,1.353460746477027,0.0,1.399637282213147,1.7639994170353221
화성시,진안동,1.18089753386369,0.907505037715771,1.0665600663742067,5.199194162278456,2.504050140104968,0.0,1.3675907943424763,1.8443108271392317
화성시,팔탄면,3.378675748491074,2.880142617278242,1.7492173860130062,4.036596427272997,0.5637390931746171,0.0,1.4677775976086351,1.6054391443848126
화성시,향남읍,2.2089239394898694,1.8362539561229605,2.5548498614281447,7.4353783941011535,2.138693092086415,0.0,1.435205829212154,2.4914671846218694
화성시,화산동,1.2673686221925646,1.2675539945694367,1.5167071325429644,5.718382219774502,2.325250524592887,0.0,1.4043081305293161,1.9615014467487422
